,voted_for_republican,very_freq_voter,freq_voter,voted_03_05_2013,voted_05_21_2013,voted_06_07_2016,age,party,education,ismarried,home_owner,renters,ethnic,sex,hhcount
0,0,0,1,0,0,1,51.0,D,some_college,N,H,Y,white,M,1
1,0,0,0,0,0,1,53.0,D,some_college,Y,,Y,white,M,1
2,1,0,0,0,0,0,59.0,R,doctorate,N,H,Y,hispanic,M,2
3,1,0,0,0,0,1,23.0,D,bachelors,N,H,N,black,M,5
4,1,1,1,1,1,1,79.0,R,HS_drop_out,N,,Y,white,F,1
5,0,1,1,1,1,1,80.0,DS,high_school,Y,H,N,white,M,2
6,0,1,1,1,1,0,41.0,D,masters,N,H,N,hispanic,M,2
7,0,1,1,1,1,1,75.0,R,HS_drop_out,N,,Y,white,F,1
8,1,0,0,0,0,0,20.0,DS,high_school,N,,N,black,M,5
9,0,0,1,0,1,1,78.0,D,some_college,N,H,Y,,F,1
10,1,1,1,0,0,1,56.0,DS,,N,,Y,asian,,1
11,1,0,0,0,0,0,47.0,D,bachelors,Y,H,N,indian,M,2
12,0,1,1,1,1,1,55.0,D,some_college,N,H,Y,white,F,1
13,0,0,0,0,0,1,24.0,D,bachelors,N,,N,,M,2
14,0,0,1,0,0,1,86.0,D,high_school,N,H,N,white,F,4
15,1,0,0,0,0,1,45.0,DS,trade_school,N,,N,white,M,3
16,0,0,0,0,0,1,24.0,D,bachelors,N,,N,white,F,2
17,1,0,0,0,0,1,39.0,D,high_school,N,,Y,white,F,2
18,1,0,0,0,0,0,18.0,D,trade_school,N,H,N,hispanic,F,5
19,0,0,1,0,1,1,61.0,D,some_college,N,,N,hispanic,F,1
20,0,0,0,0,0,0,34.0,D,some_college,N,,N,,F,1
21,0,0,1,1,0,0,54.0,D,trade_school,N,,Y,hispanic,M,3
22,1,1,1,1,1,1,65.0,R,high_school,N,H,Y,white,M,3
23,0,0,0,0,0,1,39.0,D,masters,N,,N,asian,M,3
24,0,1,1,1,1,1,71.0,D,some_college,N,H,Y,black,F,1
25,1,1,1,1,1,1,83.0,D,bachelors,Y,H,N,,M,2
26,0,1,1,0,1,1,47.0,DS,high_school,N,H,N,black,F,4
27,0,0,0,0,0,1,35.0,D,bachelors,N,H,N,white,F,2
28,0,0,1,0,1,1,73.0,D,bachelors,N,,N,indian,M,2
29,0,0,0,0,0,1,64.0,D,bachelors,N,,Y,white,M,2
30,1,0,1,0,0,1,60.0,R,high_school,Y,H,N,black,M,5
31,1,0,0,0,0,0,45.0,D,bachelors,N,,Y,white,,3
32,0,1,1,1,1,1,62.0,GR,high_school,N,H,N,white,M,2
33,0,1,1,1,0,0,78.0,AI,trade_school,N,H,Y,white,M,2
34,0,0,1,1,0,1,37.0,D,bachelors,N,,N,black,F,2
35,1,1,1,1,1,1,63.0,R,HS_drop_out,N,,Y,black,F,1
36,0,0,0,0,0,0,19.0,D,trade_school,N,H,N,jewish,M,5
37,0,1,1,1,1,1,75.0,R,HS_drop_out,N,H,N,,F,1
38,1,1,1,1,1,1,69.0,D,trade_school,N,H,N,jewish,M,2
39,0,0,1,0,0,1,54.0,D,bachelors,N,,N,white,F,2
40,0,1,1,0,1,1,38.0,D,bachelors,N,,Y,,F,2
41,1,1,1,0,1,1,55.0,D,some_college,N,H,N,white,M,1
42,1,1,1,1,1,1,94.0,R,doctorate,N,H,N,asian,M,2
43,0,0,1,0,0,1,69.0,R,HS_drop_out,N,,Y,white,M,1
44,1,1,1,1,1,1,75.0,D,trade_school,N,,Y,,F,2
45,0,1,1,1,1,0,91.0,R,doctorate,N,H,N,white,M,2
46,1,0,0,0,0,1,49.0,D,trade_school,N,,Y,white,M,2
47,0,1,1,0,1,1,54.0,D,some_college,N,H,N,white,F,1
48,0,0,1,0,1,0,94.0,D,bachelors,N,H,Y,,F,2
49,1,1,1,0,1,1,85.0,D,masters,N,H,N,white,F,4
50,0,0,1,0,0,0,52.0,R,HS_drop_out,N,H,N,white,M,1
51,0,0,1,0,1,1,61.0,D,bachelors,N,,N,white,F,2
52,0,1,1,1,1,1,67.0,D,bachelors,Y,H,N,white,F,4
53,0,1,1,1,1,1,64.0,D,bachelors,N,H,N,,F,2
54,1,1,1,1,1,1,79.0,D,bachelors,Y,H,N,,F,2
55,0,1,1,1,1,1,65.0,D,some_college,N,,Y,jewish,M,1
56,0,1,1,1,1,1,73.0,D,bachelors,Y,H,N,jewish,F,2
57,1,1,1,1,1,1,56.0,D,bachelors,Y,H,N,black,F,4
58,0,1,1,0,1,1,72.0,D,some_college,Y,,Y,,F,1
59,1,1,1,0,0,1,33.0,D,bachelors,N,,Y,white,F,2
60,0,1,1,1,1,1,91.0,D,masters,Y,H,Y,white,F,2
61,0,1,1,1,1,1,78.0,DS,,N,,Y,,F,1
62,1,1,1,1,1,1,45.0,D,bachelors,N,H,N,white,M,2
63,1,1,1,1,1,1,58.0,GR,high_school,N,H,N,white,M,2
64,0,1,1,1,1,1,75.0,D,bachelors,N,H,N,white,M,2
65,1,0,1,0,1,1,40.0,DS,high_school,N,,Y,,M,2
66,1,1,1,1,1,1,58.0,YY,trade_school,N,H,N,white,F,4
67,1,1,1,1,1,1,22.0,R,HS_drop_out,N,,Y,white,M,1
68,1,1,1,1,1,1,88.0,D,some_college,N,H,N,white,F,1
69,1,1,1,1,1,1,59.0,R,masters,Y,H,N,,M,3
70,0,1,1,0,0,1,65.0,D,bachelors,N,H,N,black,F,3
71,0,0,0,0,0,1,56.0,D,some_college,N,,Y,black,M,1
72,1,1,1,1,1,1,70.0,D,some_college,N,,Y,hispanic,F,1
73,1,1,1,1,1,1,41.0,D,trade_school,N,,N,,F,4
74,1,1,1,1,1,1,71.0,R,masters,Y,H,N,indian,F,3
75,1,1,1,1,1,1,58.0,D,bachelors,N,,N,white,F,3
76,1,1,1,0,0,1,59.0,D,bachelors,N,,Y,white,F,2
77,1,1,1,1,1,1,77.0,DS,trade_school,Y,H,N,asian,F,2
78,0,1,1,1,0,1,86.0,D,bachelors,Y,H,Y,black,F,2
79,0,0,0,0,0,1,37.0,R,high_school,N,,N,white,M,3
80,0,1,1,1,1,1,67.0,D,bachelors,N,,Y,,M,2
81,0,1,1,1,1,1,65.0,D,some_college,N,H,N,black,F,1
82,0,1,1,1,0,1,70.0,D,bachelors,N,H,N,,M,4
83,0,1,1,0,0,1,22.0,D,masters,N,,N,black,F,2
84,0,1,1,1,1,1,74.0,D,some_college,Y,H,N,black,F,1
85,1,0,0,0,0,1,24.0,R,high_school,N,,Y,,F,2
86,1,1,1,1,1,1,43.0,R,HS_drop_out,N,H,N,,F,1
87,1,0,0,0,0,0,32.0,DS,trade_school,N,,Y,white,M,2
88,0,1,1,1,1,1,65.0,D,bachelors,Y,H,N,,F,2
89,0,1,1,1,1,1,59.0,R,masters,N,H,N,indian,F,4
90,0,1,1,1,1,1,81.0,DS,,Y,H,Y,black,M,1
91,1,0,1,1,0,0,30.0,R,masters,N,H,N,white,M,3
92,1,0,1,0,0,1,70.0,D,masters,Y,H,N,white,F,2
93,1,1,1,0,0,1,48.0,D,trade_school,N,H,Y,white,M,2
94,0,1,1,1,1,1,59.0,R,HS_drop_out,N,,Y,,F,1
95,1,1,1,1,1,1,22.0,D,trade_school,N,H,N,white,M,5
96,0,1,1,1,1,1,74.0,D,some_college,N,H,N,white,,1
97,0,1,1,0,0,1,64.0,D,some_college,N,,N,,F,1
98,0,0,0,1,1,0,97.0,D,some_college,N,H,N,,F,1
99,1,0,0,0,0,0,80.0,R,masters,N,H,N,,M,2
100,0,0,1,1,0,1,70.0,D,bachelors,Y,H,N,,F,2
101,1,1,1,0,0,1,28.0,D,some_college,N,,Y,white,F,1
102,0,1,1,1,1,1,73.0,D,some_college,N,,Y,,F,1
103,0,0,0,0,0,0,18.0,D,some_college,N,,Y,,F,1
104,0,0,1,1,0,1,69.0,R,HS_drop_out,N,H,Y,white,F,1
105,1,1,1,1,1,1,67.0,D,trade_school,N,,Y,white,F,2
106,0,1,1,1,1,1,43.0,D,bachelors,N,H,Y,indian,F,2
107,0,1,1,1,1,1,64.0,D,bachelors,N,,Y,,F,2
108,0,1,1,1,1,0,36.0,DS,,N,,Y,black,M,1
109,0,1,1,1,1,1,71.0,R,HS_drop_out,Y,H,N,white,F,1
110,0,0,0,0,0,1,77.0,D,some_college,N,H,Y,white,F,1
111,1,1,1,1,1,1,71.0,R,masters,Y,H,N,white,M,3
112,0,0,1,0,1,1,52.0,D,trade_school,N,H,N,white,F,4
113,0,1,1,1,1,1,79.0,D,bachelors,N,H,N,white,F,2
114,0,1,1,0,1,1,70.0,D,some_college,N,,Y,asian,M,1
115,0,0,1,0,1,1,27.0,D,some_college,N,,Y,hispanic,F,1
116,0,1,1,1,0,1,82.0,D,some_college,N,H,N,black,M,1
117,1,1,1,1,1,1,58.0,D,bachelors,N,H,N,hispanic,F,6
118,0,1,1,1,1,1,83.0,D,masters,N,,N,white,F,3
119,1,1,1,1,1,1,62.0,D,some_college,N,,Y,white,M,1
120,0,0,0,0,0,1,31.0,DS,trade_school,N,,Y,hispanic,M,2
121,1,1,1,0,0,1,28.0,D,trade_school,N,,Y,indian,F,2
122,0,1,1,0,1,1,76.0,R,doctorate,Y,H,N,indian,M,2
123,0,0,0,0,0,1,32.0,D,some_college,N,,N,black,F,1
124,0,1,1,1,1,0,80.0,D,some_college,N,H,N,white,F,1
125,1,1,1,1,1,0,78.0,DS,,N,,Y,white,F,1
126,1,0,0,0,0,0,39.0,D,bachelors,N,H,N,,F,2
127,0,0,1,1,0,1,44.0,D,bachelors,N,,N,hispanic,F,2
128,0,1,1,1,1,1,38.0,R,doctorate,Y,,Y,white,F,2
129,1,1,1,1,1,1,56.0,D,some_college,N,,Y,white,M,1
130,0,0,1,0,1,0,57.0,D,masters,Y,H,N,,M,3
131,1,1,1,1,1,1,76.0,R,HS_drop_out,N,,Y,white,M,1
132,0,1,1,1,1,1,28.0,DS,high_school,N,H,N,white,M,3
133,1,1,1,1,1,1,64.0,D,trade_school,N,H,N,white,M,2
134,0,0,0,0,0,1,44.0,DS,high_school,N,,Y,,F,2
135,1,0,1,1,0,1,55.0,DS,,N,H,N,asian,F,1
136,0,0,0,0,0,0,69.0,R,HS_drop_out,N,,N,white,F,1
137,1,0,0,0,0,1,41.0,D,some_college,N,,Y,white,F,1
138,1,1,1,0,0,1,49.0,DS,trade_school,N,,N,,M,2
139,0,1,1,1,1,1,73.0,D,bachelors,Y,H,N,,M,2
140,0,1,1,1,0,1,51.0,D,bachelors,Y,H,N,black,F,2
141,0,0,0,0,0,1,75.0,D,some_college,N,H,N,white,M,1
142,0,1,1,1,0,1,94.0,D,some_college,N,H,N,white,M,1
143,1,1,1,0,1,1,38.0,D,masters,N,,N,black,M,2
144,0,1,1,0,0,1,57.0,D,some_college,N,,Y,white,M,1
145,0,1,1,1,1,1,58.0,DS,,N,H,N,white,F,1
146,1,1,1,1,1,1,86.0,R,HS_drop_out,N,H,Y,white,M,1
147,0,1,1,1,1,1,58.0,D,bachelors,N,,N,black,F,4
148,1,1,1,1,1,1,79.0,R,masters,N,,Y,jewish,M,3
149,0,1,1,1,1,1,83.0,D,bachelors,N,,N,jewish,M,3
150,0,1,1,1,1,1,85.0,D,some_college,N,H,N,black,M,1
151,1,1,1,1,1,1,91.0,D,trade_school,N,H,N,white,M,3
152,0,0,0,0,0,0,46.0,DS,trade_school,N,,Y,white,M,3
153,1,1,1,1,1,1,83.0,D,bachelors,Y,H,N,black,M,2
154,1,1,1,0,0,1,56.0,D,some_college,N,,Y,jewish,M,1
155,0,0,1,1,0,1,93.0,R,HS_drop_out,N,H,Y,,F,1
156,0,1,1,1,1,1,53.0,DS,trade_school,N,H,N,white,M,3
157,0,1,1,0,0,1,41.0,D,some_college,N,,Y,white,M,1
158,1,0,0,0,0,0,22.0,D,bachelors,N,,Y,white,F,2
159,1,1,1,1,1,1,71.0,D,some_college,N,H,Y,indian,M,1
160,0,1,1,1,1,1,82.0,D,some_college,N,H,N,black,F,1
161,1,1,1,1,1,1,61.0,R,high_school,N,H,N,white,M,2
162,1,1,1,1,1,1,44.0,D,high_school,N,,N,,F,3
163,1,0,1,0,0,0,28.0,D,some_college,N,H,Y,hispanic,F,1
164,0,0,0,0,0,1,21.0,D,some_college,N,,Y,hispanic,M,1
165,0,0,1,0,0,1,64.0,D,bachelors,N,,Y,black,F,3
166,0,0,0,0,0,0,39.0,D,some_college,N,,N,asian,F,1
167,0,0,1,1,0,1,24.0,D,trade_school,N,H,N,,F,3
168,0,1,1,1,1,1,77.0,D,bachelors,N,,N,white,F,2
169,1,0,0,0,0,0,21.0,D,bachelors,N,H,N,black,M,4
170,0,0,0,0,0,1,24.0,D,bachelors,N,,N,white,F,4
171,0,1,1,1,0,1,82.0,D,masters,N,H,N,white,F,2
172,1,0,0,0,0,1,50.0,R,high_school,N,H,N,,M,3
173,0,1,1,1,1,1,60.0,D,bachelors,Y,H,N,asian,M,3
174,1,1,1,0,1,1,37.0,D,bachelors,N,H,N,,M,3
175,0,0,1,0,0,0,53.0,R,HS_drop_out,N,,Y,,F,1
176,1,1,1,0,0,1,25.0,D,bachelors,N,,Y,,F,2
177,0,0,1,0,1,1,25.0,D,masters,N,H,N,hispanic,M,3
178,0,1,1,1,1,1,68.0,D,trade_school,Y,H,N,asian,F,2
179,0,1,1,1,1,1,67.0,D,bachelors,Y,H,N,white,F,3
180,0,0,0,0,0,0,87.0,D,some_college,N,H,N,white,M,1
181,1,0,0,0,0,1,26.0,GR,high_school,N,,N,white,F,2
182,1,1,1,0,1,1,53.0,D,trade_school,N,H,N,,M,3
183,0,0,1,0,1,1,61.0,D,bachelors,Y,H,Y,white,F,2
184,1,0,0,0,0,1,59.0,D,some_college,N,,N,asian,M,1
185,1,0,0,0,0,0,60.0,D,some_college,N,,N,hispanic,F,1
186,1,1,1,1,1,1,69.0,D,some_college,N,H,Y,white,F,1
187,1,1,1,0,0,1,50.0,R,HS_drop_out,N,H,N,white,M,1
188,0,1,1,1,1,1,55.0,D,some_college,N,,Y,black,M,1
189,1,1,1,1,1,1,74.0,DS,trade_school,N,H,Y,black,M,2
190,1,1,1,1,1,1,63.0,R,doctorate,Y,H,N,black,F,3
191,1,1,1,1,1,0,56.0,DS,high_school,Y,H,N,,F,4
192,1,0,1,0,0,1,31.0,DS,trade_school,N,,Y,hispanic,M,2
193,0,0,0,0,0,0,19.0,R,HS_drop_out,N,,Y,hispanic,,1
194,1,1,1,1,1,1,81.0,DS,high_school,Y,,Y,,F,2
195,0,1,1,0,0,1,40.0,D,trade_school,N,,N,black,M,2
196,0,0,1,1,0,0,43.0,DS,trade_school,N,,Y,asian,M,2
197,0,0,0,0,0,1,25.0,D,trade_school,N,,Y,,,2
198,1,0,0,0,0,1,24.0,D,trade_school,N,H,N,jewish,M,4
199,1,1,1,1,1,1,56.0,R,HS_drop_out,N,,Y,asian,F,1
200,0,0,0,0,0,0,68.0,D,some_college,N,,N,asian,M,1
201,0,0,1,1,0,1,29.0,R,doctorate,N,,Y,black,M,2
202,1,1,1,1,1,1,62.0,R,doctorate,N,,Y,,F,2
203,1,0,1,0,0,0,64.0,D,bachelors,Y,,N,black,M,2
204,0,0,0,0,0,1,24.0,D,trade_school,N,,Y,white,F,3
205,0,0,1,0,1,1,81.0,D,bachelors,Y,H,N,,F,2
206,0,1,1,1,1,1,75.0,D,some_college,N,,Y,hispanic,F,1
207,1,0,0,0,0,1,33.0,D,some_college,N,,Y,,F,1
208,0,0,1,0,1,1,69.0,R,HS_drop_out,N,,Y,asian,F,1
209,0,1,1,1,1,1,89.0,D,masters,N,H,N,black,M,2
210,1,0,1,1,0,1,63.0,DS,,N,H,Y,,M,1
211,1,1,1,1,1,1,76.0,D,masters,Y,H,N,white,F,2
212,0,0,1,1,0,0,85.0,R,HS_drop_out,N,,Y,,M,1
213,0,1,1,0,0,1,28.0,R,HS_drop_out,N,,Y,white,F,1
214,0,1,1,1,1,1,81.0,D,some_college,N,H,N,hispanic,M,1
215,1,1,1,0,0,1,33.0,R,doctorate,N,,N,white,M,2
216,1,1,1,1,1,1,79.0,DS,,Y,H,N,black,F,1
217,1,1,1,1,1,1,88.0,D,bachelors,Y,,Y,white,F,2
218,0,0,0,0,0,0,34.0,D,some_college,N,H,Y,,M,1
219,1,0,1,0,1,0,48.0,DS,high_school,N,,N,asian,F,2
220,0,1,1,1,1,1,79.0,D,bachelors,N,H,N,white,M,4
221,0,0,0,0,0,0,54.0,D,some_college,N,H,Y,white,M,1
222,1,1,1,1,1,1,65.0,R,HS_drop_out,N,H,Y,white,M,1
223,0,0,1,0,1,0,88.0,D,some_college,Y,,Y,white,F,1
224,0,1,1,1,1,1,69.0,D,trade_school,Y,,N,white,M,3
225,0,0,0,0,0,1,27.0,D,trade_school,N,,Y,,M,4
226,1,0,1,0,1,0,32.0,D,masters,N,H,N,white,M,3
227,0,1,1,1,1,1,89.0,DS,,Y,H,N,indian,F,1
228,0,0,1,0,0,1,36.0,D,some_college,N,,N,,F,1
229,0,1,1,1,1,1,48.0,R,HS_drop_out,N,H,N,white,M,1
230,1,1,1,1,1,1,72.0,R,doctorate,N,H,N,white,F,5
231,1,0,0,0,0,1,28.0,D,trade_school,N,,Y,asian,F,3
232,0,0,0,0,0,0,32.0,D,some_college,N,,Y,asian,M,1
233,0,1,1,1,1,1,40.0,D,bachelors,N,H,N,white,M,2
234,0,1,1,1,1,1,63.0,D,masters,N,H,N,,F,3
235,1,0,1,1,0,1,84.0,D,trade_school,Y,H,N,white,M,4
236,1,1,1,1,1,1,74.0,D,some_college,N,H,Y,jewish,F,1
237,0,1,1,1,1,1,52.0,D,trade_school,N,H,N,white,M,4
238,1,1,1,1,1,1,55.0,D,masters,N,H,N,white,F,2
239,0,0,1,1,0,1,73.0,D,high_school,N,H,N,black,M,4
240,1,1,1,1,1,0,55.0,DS,high_school,Y,H,N,,M,2
241,1,0,0,0,0,1,32.0,DS,trade_school,N,,N,white,F,2
242,1,0,1,0,0,0,41.0,R,doctorate,Y,H,N,white,F,5
243,0,1,1,1,1,1,76.0,D,bachelors,N,H,N,white,M,2
244,0,0,0,0,0,1,52.0,D,some_college,N,H,Y,asian,M,1
245,1,1,1,1,1,1,42.0,D,some_college,N,,N,white,M,1
246,1,0,0,0,0,1,45.0,D,some_college,N,,Y,white,M,1
247,1,1,1,1,1,1,81.0,R,doctorate,N,H,N,white,M,3
248,0,0,0,0,0,0,29.0,D,some_college,N,,Y,,M,1
249,1,1,1,1,1,1,84.0,R,masters,Y,H,N,white,M,2
250,1,0,0,0,0,0,26.0,DS,,N,,Y,white,F,1
251,1,0,0,0,0,1,49.0,D,high_school,N,H,N,black,F,3
252,0,1,1,1,1,1,80.0,D,some_college,N,,Y,white,M,1
253,1,1,1,0,0,1,27.0,D,trade_school,N,,Y,,F,3
254,1,1,1,1,1,1,68.0,DS,,N,,Y,white,M,1
255,0,1,1,1,1,1,51.0,R,masters,N,,N,asian,M,2
256,0,1,1,1,1,1,63.0,D,some_college,N,,N,,F,1
257,0,1,1,1,1,1,37.0,D,masters,N,H,Y,white,F,2
258,0,1,1,1,1,1,86.0,D,some_college,N,H,N,,M,1
259,0,1,1,1,1,1,46.0,D,some_college,N,H,N,white,F,1
260,1,1,1,1,1,1,85.0,DS,trade_school,Y,H,N,black,M,2
261,0,1,1,1,1,0,82.0,DS,,Y,,Y,white,M,1
262,0,0,0,0,0,1,69.0,D,bachelors,Y,H,N,white,F,6
263,0,1,1,1,1,1,67.0,R,high_school,Y,,Y,black,F,4
264,1,0,1,0,1,0,81.0,R,doctorate,N,H,N,black,F,2
265,1,1,1,0,0,1,31.0,D,trade_school,N,,Y,white,M,3
266,0,1,1,1,1,1,41.0,D,bachelors,N,,Y,black,M,2
267,1,1,1,1,1,1,83.0,R,HS_drop_out,N,H,N,black,M,1
268,1,0,0,0,0,1,25.0,D,bachelors,N,,Y,white,F,2
269,0,1,1,1,1,1,71.0,D,bachelors,N,,Y,white,F,3
270,0,0,0,0,0,1,27.0,DS,trade_school,N,,Y,black,M,3
271,0,1,1,1,1,1,65.0,D,masters,N,H,N,white,F,3
272,0,1,1,1,1,1,81.0,D,some_college,N,,Y,white,F,1
273,0,0,0,0,0,1,33.0,D,high_school,N,,Y,white,M,5
274,0,0,1,0,0,1,60.0,D,some_college,N,H,Y,white,F,1
275,1,1,1,1,1,1,94.0,DS,,N,,Y,asian,M,1
276,1,1,1,1,1,1,70.0,R,masters,Y,H,N,,M,4
277,1,0,0,0,0,1,27.0,D,bachelors,N,,Y,white,F,2
278,1,1,1,0,0,1,36.0,D,bachelors,N,,Y,,M,2
279,1,1,1,1,1,1,43.0,R,doctorate,Y,H,N,white,M,2
280,1,1,1,1,1,1,73.0,D,bachelors,Y,H,N,,F,3
281,0,0,1,0,1,1,83.0,D,some_college,N,H,N,white,M,1
282,1,1,1,1,1,1,66.0,D,some_college,N,,Y,white,M,1
283,0,1,1,1,0,1,45.0,R,HS_drop_out,N,,Y,white,M,1
284,0,1,1,1,1,1,74.0,D,some_college,N,H,N,white,F,1
285,1,1,1,1,1,1,70.0,D,bachelors,Y,H,N,,M,3
286,1,0,1,1,0,1,62.0,D,bachelors,Y,H,N,hispanic,F,4
287,1,1,1,0,1,1,78.0,D,some_college,N,H,N,jewish,F,1
288,0,1,1,1,1,1,67.0,D,bachelors,Y,H,N,white,M,4
289,0,1,1,1,1,1,80.0,D,bachelors,N,H,N,black,M,2
290,1,1,1,1,1,1,90.0,R,doctorate,Y,H,Y,,M,2
291,0,1,1,1,1,1,85.0,D,masters,N,,Y,indian,M,2
292,1,0,1,1,0,1,76.0,D,masters,Y,H,N,black,M,3
293,0,1,1,1,1,1,78.0,D,bachelors,Y,H,Y,,M,2
294,1,1,1,1,1,1,66.0,D,bachelors,N,H,N,black,M,2
295,1,0,1,0,1,0,36.0,DS,high_school,Y,,Y,white,F,2
296,0,1,1,1,1,1,69.0,D,bachelors,N,,Y,hispanic,M,2
297,1,1,1,1,1,1,70.0,D,masters,N,H,N,black,F,2
298,1,1,1,1,1,1,48.0,D,some_college,N,,Y,white,F,1
299,1,1,1,1,1,1,69.0,R,doctorate,N,H,N,,M,2
300,0,0,0,0,0,1,45.0,D,masters,N,H,N,,F,4
301,1,1,1,1,1,1,70.0,R,HS_drop_out,N,H,Y,white,F,1
302,1,1,1,0,0,1,46.0,D,bachelors,N,,Y,white,M,2
303,1,1,1,0,0,1,55.0,D,some_college,N,H,N,white,M,1
304,0,0,1,0,1,1,62.0,D,some_college,N,,N,,M,1
305,1,1,1,1,1,1,61.0,D,bachelors,N,H,N,white,F,2
306,0,1,1,1,1,0,91.0,R,HS_drop_out,N,,Y,white,F,1
307,0,0,1,0,1,1,39.0,D,some_college,N,,Y,,,1
308,0,0,1,0,1,1,26.0,D,masters,N,,Y,hispanic,F,3
309,1,1,1,1,1,1,70.0,YY,high_school,N,,Y,white,M,2
310,1,0,0,0,0,1,47.0,D,trade_school,N,H,N,,F,4
311,0,0,0,0,0,1,60.0,D,trade_school,N,,N,black,F,4
312,1,1,1,0,1,1,59.0,D,trade_school,N,H,Y,white,F,2
313,1,0,0,0,0,1,32.0,D,bachelors,N,,Y,white,M,2
314,0,0,0,0,0,0,33.0,DS,,N,,Y,white,M,1
315,0,1,1,1,0,0,42.0,D,bachelors,Y,H,N,jewish,F,2
316,0,1,1,1,1,1,35.0,D,trade_school,N,,Y,,M,2
317,1,0,0,0,0,1,41.0,R,doctorate,N,H,N,black,F,2
318,1,0,0,0,0,0,92.0,R,doctorate,Y,H,N,white,F,4
319,0,0,1,0,1,1,39.0,DS,high_school,N,,N,white,F,2
320,1,1,1,1,1,1,87.0,R,HS_drop_out,N,H,N,white,M,1
321,0,0,1,0,0,1,40.0,DS,trade_school,N,H,N,indian,M,3
322,0,1,1,1,1,1,87.0,D,bachelors,Y,,N,white,M,2
323,1,0,0,0,0,1,33.0,DS,high_school,N,,Y,white,M,2
324,0,0,1,0,0,1,84.0,D,some_college,N,H,Y,black,F,1
325,0,0,0,0,0,1,42.0,D,high_school,Y,H,N,hispanic,F,6
326,1,1,1,1,1,1,91.0,D,bachelors,N,H,N,white,F,2
327,1,0,1,1,0,1,34.0,D,bachelors,N,H,N,white,F,2
328,0,0,0,0,0,0,28.0,DS,high_school,N,,Y,white,M,2
329,1,1,1,1,1,1,62.0,D,trade_school,N,H,N,,M,2
330,1,1,1,1,1,1,48.0,DS,high_school,Y,H,N,,F,4
331,0,0,1,1,0,1,76.0,R,HS_drop_out,Y,H,N,white,M,1
332,0,1,1,0,1,0,68.0,D,masters,N,H,Y,,F,2
333,0,1,1,1,1,1,76.0,D,bachelors,Y,H,N,,F,2
334,0,1,1,1,1,1,61.0,D,bachelors,Y,,N,asian,M,3
335,0,1,1,0,1,1,88.0,D,trade_school,N,,N,white,F,2
336,0,1,1,1,1,1,25.0,D,some_college,N,,Y,white,M,1
337,1,0,0,0,0,1,44.0,DS,trade_school,Y,,N,white,F,2
338,1,0,1,1,0,1,33.0,DS,,N,,Y,asian,F,1
339,1,1,1,1,1,1,85.0,R,masters,N,,N,white,F,2
340,1,1,1,1,1,1,58.0,D,bachelors,N,,N,hispanic,M,2
341,1,0,0,0,0,1,67.0,D,bachelors,N,,N,,M,2
342,0,1,1,1,1,1,85.0,D,bachelors,N,H,Y,black,M,2
343,1,0,0,0,0,1,46.0,DS,trade_school,N,,Y,white,F,2
344,1,1,1,1,1,1,57.0,D,some_college,N,,Y,black,M,1
345,1,0,0,0,0,1,49.0,D,trade_school,N,,Y,,F,2
346,0,0,1,0,1,0,28.0,DS,high_school,N,H,N,white,M,4
347,1,1,1,1,1,1,82.0,R,masters,Y,H,Y,,M,2
348,1,1,1,1,1,1,88.0,AI,high_school,Y,H,Y,hispanic,M,2
349,0,1,1,1,1,1,62.0,DS,trade_school,Y,H,N,black,M,2
350,1,1,1,1,1,1,93.0,R,HS_drop_out,N,H,Y,black,F,1
351,1,0,0,0,0,1,28.0,D,some_college,N,,Y,,M,1
352,0,1,1,1,1,1,79.0,D,bachelors,N,H,N,black,F,2
353,0,0,0,0,0,1,59.0,D,bachelors,N,,Y,,M,2
354,0,1,1,1,1,1,77.0,D,trade_school,N,,Y,white,F,3
355,1,0,1,0,0,1,56.0,GR,high_school,Y,H,N,,F,5
356,0,1,1,0,0,1,56.0,R,masters,N,H,Y,white,M,2
357,0,1,1,0,0,1,28.0,D,bachelors,N,,N,white,F,2
358,0,0,0,0,0,0,28.0,D,bachelors,N,,N,white,M,2
359,1,0,1,1,0,0,60.0,R,high_school,Y,,N,,M,3
360,0,1,1,1,1,1,65.0,DS,,N,,Y,white,M,1
361,1,1,1,1,1,1,82.0,R,masters,N,H,Y,white,F,3
362,1,0,1,0,0,1,76.0,D,some_college,N,H,N,black,F,1
363,0,1,1,1,1,1,67.0,D,bachelors,N,,Y,white,M,5
364,0,1,1,1,0,1,55.0,DS,high_school,N,,N,,F,3
365,1,0,0,0,0,1,35.0,AI,,N,,Y,,F,1
366,1,1,1,1,1,1,74.0,DS,,N,H,N,white,F,1
367,1,1,1,1,1,1,55.0,D,masters,N,,N,white,F,2
368,0,1,1,1,1,1,91.0,D,bachelors,N,H,N,black,M,2
369,0,1,1,1,1,1,85.0,D,bachelors,N,H,N,black,F,2
370,1,0,1,0,0,0,45.0,D,trade_school,N,H,N,,F,2
371,0,0,1,1,0,1,85.0,D,bachelors,Y,H,N,white,F,3
372,0,1,1,1,1,1,56.0,D,bachelors,N,,Y,hispanic,F,3
373,0,1,1,1,0,1,64.0,D,some_college,N,,N,hispanic,M,1
374,0,1,1,1,1,1,62.0,D,trade_school,N,H,N,white,F,4
375,0,1,1,1,1,1,67.0,DS,high_school,N,H,N,asian,M,4
376,0,1,1,0,0,1,60.0,D,masters,N,,N,hispanic,M,2
377,1,1,1,1,1,1,71.0,D,some_college,N,H,Y,black,F,1
378,1,1,1,1,1,1,82.0,R,doctorate,Y,H,N,black,F,2
379,0,1,1,1,1,0,44.0,DS,high_school,N,H,N,white,F,3
380,1,0,1,0,0,1,44.0,R,high_school,Y,H,N,black,F,3
381,0,0,1,0,1,0,43.0,R,HS_drop_out,N,,Y,asian,M,1
382,1,1,1,0,0,1,37.0,D,some_college,N,,Y,asian,M,1
383,1,0,0,0,0,1,58.0,AI,,N,,Y,,M,1
384,1,1,1,1,1,1,54.0,D,some_college,N,,Y,black,F,1
385,1,1,1,1,0,1,64.0,D,bachelors,N,H,Y,,M,2
386,0,1,1,0,0,1,31.0,DS,high_school,N,,N,asian,M,3
387,0,1,1,1,1,1,57.0,D,trade_school,N,,N,,M,2
388,0,1,1,1,1,1,68.0,D,bachelors,N,,N,white,F,3
389,0,1,1,1,1,1,74.0,D,some_college,N,,Y,black,F,1
390,0,1,1,1,1,1,29.0,DS,high_school,N,,N,,F,2
391,0,1,1,1,1,1,70.0,R,masters,Y,H,N,white,M,2
392,1,0,0,0,0,0,53.0,R,high_school,N,H,N,asian,M,2
393,0,1,1,0,0,1,70.0,DS,high_school,N,,N,hispanic,M,3
394,1,0,1,0,1,1,52.0,D,bachelors,Y,H,N,,M,2
395,1,1,1,1,1,1,58.0,R,HS_drop_out,N,H,Y,white,F,1
396,0,1,1,0,0,1,33.0,D,some_college,N,,Y,white,F,1
397,1,0,0,0,0,1,25.0,GR,high_school,N,,Y,white,M,1
398,1,0,0,0,0,0,31.0,R,masters,Y,,Y,white,F,2
399,0,0,0,0,0,1,53.0,D,bachelors,N,H,N,white,F,2
400,0,0,1,1,0,1,26.0,D,some_college,N,,Y,white,F,1
401,1,0,1,0,1,1,77.0,D,some_college,N,H,Y,black,F,1
402,1,1,1,0,0,1,75.0,R,doctorate,N,H,Y,black,F,2
403,0,1,1,1,1,1,61.0,R,high_school,N,H,N,white,F,3
404,0,1,1,1,1,0,76.0,D,some_college,N,H,Y,white,F,1
405,0,1,1,1,0,1,86.0,D,some_college,N,,Y,white,M,1
406,1,0,1,0,1,1,60.0,R,masters,N,H,N,,F,2
407,1,1,1,1,1,1,90.0,D,some_college,N,,Y,white,F,1
408,0,1,1,1,1,1,50.0,D,bachelors,N,,N,hispanic,M,2
409,1,1,1,1,1,1,43.0,DS,trade_school,Y,H,N,white,F,2
410,0,0,1,0,0,1,57.0,D,some_college,N,,N,white,F,1
411,1,1,1,1,1,0,81.0,AI,high_school,Y,H,N,white,F,2
412,1,1,1,1,1,1,66.0,D,some_college,N,,Y,hispanic,F,1
413,1,1,1,0,0,1,21.0,D,trade_school,N,,Y,white,F,3
414,0,1,1,1,1,1,83.0,D,bachelors,Y,H,N,black,M,3
415,0,1,1,1,1,1,54.0,DS,high_school,Y,H,N,asian,M,3
416,1,1,1,1,1,1,48.0,DS,high_school,N,,Y,,M,2
417,1,0,1,1,0,1,34.0,D,some_college,Y,,Y,,M,1
418,1,0,0,0,0,1,59.0,D,bachelors,N,,Y,white,M,2
419,1,1,1,1,1,1,43.0,D,bachelors,N,H,N,jewish,M,2
420,0,0,1,0,1,0,33.0,R,doctorate,N,H,Y,hispanic,F,2
421,1,1,1,1,1,0,76.0,R,masters,N,H,N,white,F,2
422,1,0,1,0,0,1,93.0,D,bachelors,N,H,N,white,F,2
423,0,0,1,1,0,1,75.0,D,bachelors,N,H,N,,F,2
424,1,1,1,1,1,1,50.0,D,bachelors,N,H,N,white,F,3
425,1,1,1,1,1,1,69.0,D,some_college,N,H,N,black,M,1
426,0,1,1,1,1,1,60.0,D,high_school,N,,N,,F,3
427,0,0,1,1,0,1,70.0,D,some_college,N,H,N,white,M,1
428,1,0,0,0,0,0,19.0,D,trade_school,N,,Y,,F,3
429,0,1,1,1,1,1,42.0,D,bachelors,N,,N,,M,3
430,1,1,1,1,1,1,66.0,D,some_college,N,,N,hispanic,F,1
431,0,1,1,1,1,1,68.0,D,some_college,N,,Y,white,M,1
432,0,1,1,1,0,1,65.0,D,trade_school,N,,N,,M,3
433,1,1,1,1,1,1,73.0,D,bachelors,N,H,N,black,M,2
434,1,1,1,0,0,1,53.0,D,some_college,N,,Y,,M,1
435,0,0,0,0,0,1,24.0,D,trade_school,N,H,N,,F,4
436,0,1,1,1,1,1,77.0,D,bachelors,N,H,N,white,F,2
437,0,1,1,1,1,1,88.0,D,trade_school,Y,,Y,white,F,3
438,1,1,1,1,1,1,34.0,R,high_school,N,H,N,,M,5
439,0,0,1,0,1,1,41.0,D,trade_school,N,,Y,white,F,3
440,0,0,1,1,0,1,48.0,R,doctorate,Y,H,N,white,M,2
441,1,0,1,0,1,0,47.0,R,doctorate,Y,H,N,indian,F,2
442,1,1,1,0,0,1,67.0,R,high_school,Y,H,N,white,M,5
443,1,0,0,0,0,1,61.0,D,bachelors,Y,H,N,,F,5
444,0,1,1,1,1,1,77.0,D,bachelors,Y,H,N,white,F,2
445,0,1,1,0,1,1,84.0,DS,,N,H,N,,F,1
446,1,0,0,0,0,0,40.0,D,some_college,N,,N,white,F,1
447,1,1,1,1,1,1,78.0,R,doctorate,Y,H,N,white,F,2
448,1,1,1,1,1,1,82.0,R,doctorate,Y,H,N,white,M,3
449,1,1,1,1,1,1,80.0,R,HS_drop_out,N,H,N,black,F,1
450,1,0,0,0,0,1,51.0,D,bachelors,N,H,N,,M,2
451,1,1,1,1,1,1,93.0,D,high_school,N,H,Y,black,M,3
452,1,0,0,0,0,0,26.0,D,trade_school,N,,Y,,M,4
453,1,0,1,0,1,0,39.0,R,doctorate,N,H,N,hispanic,M,3
454,1,0,0,0,0,1,45.0,YY,,N,,Y,white,F,1
455,0,0,1,0,0,1,45.0,DS,,N,,Y,asian,M,1
456,1,0,0,0,0,0,45.0,GR,high_school,N,,Y,hispanic,M,2
457,1,1,1,1,1,1,73.0,D,some_college,N,H,Y,white,M,1
458,1,1,1,1,1,1,76.0,R,high_school,N,,N,hispanic,F,3
459,1,0,0,0,0,1,19.0,D,bachelors,N,,Y,hispanic,F,2
460,1,0,1,1,0,1,60.0,DS,,N,,Y,indian,F,1
461,0,0,0,0,0,1,38.0,D,some_college,N,,Y,white,M,1
462,1,0,1,0,0,1,52.0,R,high_school,Y,H,Y,asian,F,2
463,1,0,1,0,1,1,56.0,D,trade_school,N,,Y,black,M,2
464,1,0,0,0,0,1,19.0,DS,high_school,N,,N,black,F,4
465,0,1,1,0,0,1,53.0,R,masters,N,H,N,white,M,2
466,0,1,1,1,1,1,73.0,D,bachelors,Y,H,N,white,F,2
467,0,1,1,0,0,1,74.0,D,bachelors,N,,N,,M,3
468,0,0,1,1,0,0,70.0,R,doctorate,N,H,N,black,F,2
469,1,0,1,0,0,0,65.0,D,trade_school,N,H,N,,F,3
470,1,0,1,0,1,1,68.0,D,bachelors,Y,,Y,white,M,4
471,1,0,1,0,1,1,50.0,D,bachelors,Y,H,N,,F,2
472,1,1,1,0,0,1,40.0,D,bachelors,N,H,N,white,M,2
473,0,0,1,1,0,1,25.0,DS,high_school,N,,Y,asian,M,2
474,0,1,1,1,1,1,88.0,R,doctorate,N,H,N,,M,2
475,0,1,1,1,1,1,77.0,D,some_college,N,H,Y,,M,1
476,0,1,1,0,0,1,47.0,D,bachelors,N,,N,,F,4
477,1,1,1,1,1,1,89.0,R,doctorate,N,H,N,asian,F,2
478,0,1,1,1,1,1,72.0,D,some_college,N,H,N,,F,1
479,1,1,1,1,1,1,77.0,D,some_college,N,,N,white,F,1
480,0,1,1,1,1,0,90.0,D,some_college,Y,H,N,white,M,1
481,0,1,1,1,1,1,82.0,DS,,N,H,Y,white,F,1
482,0,1,1,1,1,1,70.0,D,some_college,N,H,Y,asian,M,1
483,1,0,0,0,0,1,35.0,DS,,N,,Y,hispanic,M,1
484,1,1,1,1,1,1,81.0,D,masters,Y,H,N,white,F,2
485,1,1,1,1,1,1,57.0,D,some_college,N,,N,jewish,F,1
486,1,0,0,0,0,1,29.0,D,bachelors,N,,Y,white,F,2
487,1,1,1,1,1,1,73.0,D,bachelors,N,H,N,white,M,2
488,0,1,1,1,1,0,92.0,D,some_college,N,,Y,jewish,F,1
489,0,0,0,0,0,1,30.0,D,bachelors,N,,Y,hispanic,F,3
490,1,1,1,1,1,1,70.0,D,some_college,N,H,N,white,F,1
491,0,1,1,1,1,1,53.0,D,some_college,N,,Y,asian,M,1
492,0,1,1,0,0,1,66.0,D,bachelors,N,H,N,black,M,2
493,0,0,0,0,0,0,60.0,D,some_college,N,,Y,white,F,1
494,1,1,1,1,0,0,74.0,R,high_school,N,H,N,white,F,3
495,0,0,0,0,0,1,66.0,D,some_college,N,,Y,,F,1
496,1,1,1,1,1,1,42.0,D,high_school,N,H,N,black,F,2
497,1,0,1,1,0,0,50.0,R,high_school,N,H,N,white,F,2
498,1,1,1,1,1,1,69.0,D,some_college,N,,Y,,F,1
499,0,0,0,0,0,0,24.0,D,trade_school,N,H,Y,asian,F,4
500,0,1,1,1,1,1,68.0,D,bachelors,N,,N,black,F,3
501,0,1,1,0,0,1,68.0,D,some_college,N,H,Y,white,F,1
502,0,1,1,1,1,1,90.0,R,masters,N,H,N,white,F,2
503,0,1,1,1,1,1,57.0,D,some_college,N,H,Y,black,F,1
504,0,1,1,1,1,1,90.0,R,doctorate,N,H,Y,white,M,2
505,0,1,1,1,1,0,66.0,D,bachelors,N,,N,,F,2
506,0,0,0,0,0,1,48.0,D,bachelors,N,,Y,white,M,2
507,0,1,1,0,1,1,92.0,D,high_school,Y,H,N,black,M,4
508,1,0,1,0,0,1,47.0,D,masters,N,H,Y,black,F,2
509,1,1,1,1,1,1,62.0,D,trade_school,N,H,Y,white,M,2
510,1,1,1,1,1,0,89.0,R,doctorate,N,H,N,white,F,2
511,0,1,1,1,1,1,67.0,D,bachelors,N,,Y,,F,2
512,0,1,1,1,1,1,85.0,R,HS_drop_out,N,,Y,,F,1
513,1,0,1,0,0,1,69.0,D,trade_school,Y,H,N,white,,2
514,0,1,1,1,1,1,51.0,D,some_college,N,,N,asian,M,1
515,1,0,1,1,0,1,33.0,DS,,N,,Y,white,F,1
516,1,0,1,0,1,1,42.0,DS,high_school,N,H,N,white,M,2
517,1,0,1,0,0,1,75.0,R,doctorate,Y,H,N,white,F,2
518,0,1,1,1,1,1,74.0,D,bachelors,N,H,N,black,,2
519,1,1,1,1,1,1,84.0,D,some_college,N,,Y,black,F,1
520,0,1,1,1,1,1,84.0,R,masters,N,,N,white,M,2
521,1,0,0,0,0,1,27.0,D,masters,N,H,N,white,M,4
522,0,1,1,1,1,1,82.0,D,bachelors,Y,H,N,white,M,3
523,1,1,1,1,1,1,69.0,D,bachelors,N,,Y,white,F,2
524,0,1,1,1,1,1,89.0,D,bachelors,N,H,Y,white,F,3
525,1,1,1,0,0,1,55.0,LI,high_school,N,,N,,M,1
526,1,0,0,0,0,0,76.0,R,doctorate,N,,Y,white,M,2
527,0,1,1,1,1,1,84.0,D,bachelors,Y,H,N,white,F,2
528,1,1,1,0,1,1,59.0,D,bachelors,Y,H,N,black,F,2
529,0,0,0,0,0,1,56.0,D,bachelors,N,,N,jewish,M,2
530,1,0,0,0,0,1,27.0,DS,high_school,N,,Y,white,F,2
531,0,1,1,0,0,1,59.0,D,bachelors,N,H,Y,black,M,2
532,0,1,1,0,1,1,72.0,R,doctorate,Y,,Y,black,F,2
533,1,0,1,1,0,1,71.0,R,masters,Y,H,N,white,M,2
534,0,1,1,1,1,1,50.0,D,masters,N,H,N,,M,2
535,0,1,1,1,1,1,78.0,D,bachelors,N,H,Y,,M,2
536,1,1,1,1,1,1,45.0,D,some_college,N,H,N,,F,1
537,0,0,0,1,1,0,67.0,R,high_school,Y,H,N,black,F,3
538,0,1,1,1,1,1,86.0,R,HS_drop_out,N,,N,hispanic,F,1
539,0,1,1,1,1,1,66.0,D,bachelors,Y,H,N,,F,3
540,1,0,1,0,1,1,24.0,D,some_college,N,H,N,,M,1
541,0,1,1,0,1,1,40.0,D,some_college,N,,Y,white,F,1
542,0,1,1,1,1,1,72.0,D,some_college,N,H,Y,asian,F,1
543,0,0,0,0,0,1,49.0,D,trade_school,N,,N,white,M,4
544,1,0,0,0,0,1,38.0,DS,trade_school,N,H,N,,F,3
545,0,1,1,1,0,1,33.0,D,some_college,N,,Y,white,M,1
546,1,0,0,0,0,0,38.0,D,bachelors,N,,N,white,F,2
547,0,0,0,0,0,1,32.0,D,some_college,N,,Y,white,F,1
548,1,1,1,1,1,1,84.0,D,bachelors,Y,H,N,,M,2
549,0,1,1,1,1,0,71.0,D,bachelors,N,,Y,,F,3
550,0,0,0,0,0,0,45.0,D,bachelors,N,H,N,,M,3
551,1,1,1,1,1,1,87.0,R,HS_drop_out,N,H,Y,,F,1
552,0,0,1,1,0,1,36.0,D,bachelors,N,,N,white,M,4
553,1,0,1,0,0,1,37.0,D,bachelors,N,,Y,,F,2
554,1,1,1,1,0,0,62.0,DS,high_school,N,,Y,asian,F,2
555,0,1,1,0,0,1,57.0,D,some_college,N,H,N,white,M,1
556,0,1,1,1,1,1,66.0,D,trade_school,N,H,N,white,F,3
557,1,1,1,1,1,1,75.0,D,some_college,N,H,Y,,M,1
558,0,1,1,0,0,1,30.0,D,bachelors,N,,Y,white,M,3
559,1,1,1,1,1,1,87.0,R,HS_drop_out,N,H,Y,,F,1
560,1,0,1,1,0,1,35.0,LI,high_school,N,,Y,white,M,3
561,1,1,1,1,1,1,69.0,D,bachelors,N,,N,white,F,2
562,1,1,1,1,1,1,63.0,D,some_college,N,,Y,,F,1
563,0,1,1,1,1,1,65.0,YY,,N,H,Y,white,M,1
564,0,0,0,0,0,1,50.0,DS,high_school,N,H,Y,black,M,2
565,0,0,0,0,0,1,32.0,D,bachelors,N,H,N,jewish,M,3
566,0,0,1,0,0,1,60.0,R,high_school,Y,H,N,white,F,3
567,1,0,0,0,0,1,26.0,D,some_college,N,,Y,,M,1
568,0,1,1,1,1,1,88.0,D,some_college,Y,H,N,black,F,1
569,1,0,0,0,0,1,32.0,DS,,N,,Y,,M,1
570,1,1,1,1,1,1,49.0,DS,high_school,Y,H,N,black,F,2
571,0,0,0,0,0,1,79.0,D,some_college,N,,Y,white,M,1
572,1,1,1,1,1,1,53.0,D,some_college,N,H,Y,white,F,1
573,0,0,0,0,0,0,43.0,D,bachelors,N,H,N,black,F,3
574,0,0,0,0,0,1,26.0,D,some_college,N,H,Y,,M,1
575,1,0,0,0,0,0,29.0,D,bachelors,N,,N,white,M,2
576,1,0,1,1,0,1,57.0,DS,,Y,,Y,black,M,1
577,0,1,1,1,1,1,77.0,D,bachelors,N,H,N,white,F,2
578,0,0,1,1,0,1,65.0,R,doctorate,N,,N,white,M,2
579,1,1,1,1,1,1,83.0,R,doctorate,N,H,N,white,M,2
580,1,1,1,1,1,1,82.0,D,bachelors,Y,H,N,white,M,2
581,1,1,1,1,1,1,76.0,D,some_college,N,,Y,white,F,1
582,0,0,1,1,0,1,86.0,D,trade_school,N,,N,,F,2
583,1,1,1,1,1,1,69.0,D,bachelors,Y,H,N,black,M,2
584,0,1,1,0,0,1,72.0,D,some_college,N,,Y,white,M,1
585,1,1,1,1,1,1,44.0,D,bachelors,Y,H,N,white,F,2
586,0,0,0,0,0,1,67.0,D,trade_school,Y,H,N,white,F,5
587,1,0,1,0,1,0,25.0,D,some_college,N,,N,hispanic,M,1
588,0,1,1,1,1,1,60.0,DS,high_school,N,H,N,,F,6
589,1,0,0,0,0,1,28.0,D,bachelors,N,,Y,black,F,2
590,1,1,1,1,0,1,73.0,D,trade_school,N,,Y,black,M,2
591,1,1,1,1,1,1,82.0,D,some_college,N,H,Y,black,F,1
592,1,1,1,0,0,1,38.0,DS,trade_school,N,,Y,,M,3
593,0,1,1,1,1,1,72.0,D,bachelors,Y,H,N,white,M,4
594,1,1,1,1,1,1,58.0,D,bachelors,N,,N,hispanic,F,2
595,1,1,1,1,1,1,77.0,D,some_college,N,,Y,,F,1
596,1,1,1,1,1,1,47.0,D,bachelors,N,H,N,asian,M,2
597,0,1,1,1,1,1,57.0,D,some_college,N,H,N,,M,1
598,0,0,1,0,1,1,69.0,D,bachelors,N,H,N,white,F,2
599,0,1,1,1,1,1,94.0,D,some_college,N,H,Y,,F,1
600,0,1,1,1,0,1,55.0,D,some_college,N,H,Y,hispanic,M,1
601,0,1,1,1,1,1,71.0,D,some_college,N,H,Y,white,F,1
602,0,1,1,1,1,1,74.0,D,bachelors,N,,N,black,F,3
603,1,0,0,0,0,1,56.0,D,bachelors,N,,Y,white,F,3
604,0,1,1,1,1,1,48.0,D,bachelors,N,H,N,white,F,2
605,0,0,0,0,0,1,31.0,D,bachelors,N,,Y,hispanic,F,2
606,0,1,1,1,1,1,78.0,R,HS_drop_out,N,H,N,black,M,1
607,1,1,1,1,0,1,50.0,D,bachelors,Y,H,N,hispanic,F,3
608,1,1,1,1,1,1,83.0,D,some_college,N,H,N,white,M,1
609,1,0,1,1,0,1,45.0,R,HS_drop_out,N,,Y,hispanic,F,1
610,1,1,1,1,1,1,80.0,D,bachelors,N,H,N,white,F,2
611,1,1,1,1,1,1,66.0,DS,,N,,Y,white,M,1
612,0,0,1,0,0,1,55.0,D,masters,Y,H,N,white,F,2
613,0,0,0,0,0,0,32.0,D,bachelors,N,,Y,,M,2
614,0,1,1,1,1,1,75.0,D,masters,Y,,Y,white,M,2
615,0,1,1,0,0,1,54.0,D,high_school,N,H,N,black,M,4
616,0,1,1,1,1,1,39.0,D,some_college,N,,Y,,F,1
617,1,1,1,1,1,1,59.0,D,bachelors,Y,H,N,white,F,2
618,1,0,1,0,1,1,33.0,DS,,N,,Y,white,F,1
619,0,1,1,0,0,1,67.0,D,some_college,N,,Y,,M,1
620,1,1,1,0,0,1,84.0,D,trade_school,N,,N,white,M,2
621,1,1,1,1,0,1,80.0,R,HS_drop_out,N,,Y,,M,1
622,0,1,1,1,1,0,53.0,D,some_college,N,H,Y,,M,1
623,0,1,1,0,0,1,31.0,DS,trade_school,Y,,Y,white,M,2
624,1,1,1,1,1,1,83.0,D,some_college,N,H,N,white,F,1
625,0,1,1,1,1,1,73.0,D,bachelors,N,H,N,white,M,2
626,1,1,1,1,1,1,31.0,R,high_school,N,,Y,black,F,2
627,1,1,1,0,0,1,76.0,D,bachelors,Y,H,N,black,F,2
628,0,1,1,0,1,1,45.0,D,bachelors,N,H,Y,hispanic,M,2
629,0,0,1,1,0,1,50.0,D,some_college,Y,,Y,white,F,1
630,1,0,0,0,0,0,44.0,GR,high_school,N,,Y,white,F,1
631,0,1,1,1,0,1,56.0,R,doctorate,Y,H,N,white,M,4
632,0,1,1,1,1,1,68.0,D,some_college,N,,Y,,F,1
633,1,1,1,0,1,1,26.0,DS,,N,,Y,asian,F,1
634,1,0,1,0,0,1,56.0,DS,,N,H,N,white,M,1
635,1,0,0,0,0,1,52.0,D,some_college,N,,Y,asian,M,1
636,0,0,0,0,0,1,23.0,D,bachelors,N,,Y,white,M,2
637,1,0,0,0,0,1,59.0,D,some_college,N,H,Y,,F,1
638,1,0,0,0,0,1,20.0,D,some_college,N,,Y,asian,F,1
639,1,1,1,0,0,1,61.0,D,some_college,N,,Y,white,M,1
640,1,1,1,0,0,1,29.0,D,trade_school,N,,Y,,M,2
641,1,1,1,1,1,1,58.0,R,HS_drop_out,N,,Y,white,M,1
642,1,1,1,1,1,1,45.0,R,doctorate,N,H,N,jewish,F,4
643,1,1,1,0,0,1,55.0,D,bachelors,N,H,N,black,M,3
644,1,0,1,0,1,0,70.0,D,some_college,N,,Y,,M,1
645,1,0,1,0,0,1,64.0,D,bachelors,N,,N,white,F,2
646,1,1,1,1,1,1,71.0,R,HS_drop_out,N,H,N,white,F,1
647,0,1,1,1,1,1,83.0,D,bachelors,N,H,N,asian,F,2
648,0,1,1,1,1,1,65.0,D,bachelors,N,H,N,jewish,,2
649,0,0,0,0,0,1,54.0,D,trade_school,N,,N,white,M,2
650,1,1,1,1,1,1,58.0,D,some_college,N,,Y,asian,F,1
651,1,0,1,0,1,1,43.0,DS,trade_school,N,,N,white,M,3
652,0,0,1,0,1,0,84.0,D,some_college,N,H,N,,F,1
653,0,0,0,0,0,1,50.0,D,some_college,N,,N,white,F,1
654,0,0,1,1,0,1,50.0,DS,,N,,N,white,M,1
655,0,1,1,1,1,1,58.0,LI,high_school,N,H,N,white,M,2
656,0,0,1,1,0,1,65.0,D,some_college,N,,Y,black,M,1
657,0,1,1,1,1,1,75.0,DS,high_school,N,,Y,asian,M,2
658,1,1,1,1,1,1,51.0,D,bachelors,N,,N,hispanic,M,2
659,1,1,1,0,0,1,34.0,R,masters,N,,Y,white,M,3
660,1,0,1,0,1,1,83.0,R,high_school,N,H,N,white,F,2
661,0,1,1,1,1,1,90.0,D,some_college,N,H,N,white,F,1
662,0,1,1,1,1,1,86.0,D,trade_school,N,,Y,white,F,3
663,0,0,0,0,0,0,66.0,D,trade_school,N,,N,white,F,2
664,0,0,0,0,0,1,46.0,D,bachelors,N,,Y,white,F,3
665,0,0,1,0,1,1,43.0,DS,trade_school,N,H,N,,M,3
666,0,1,1,1,1,1,67.0,GR,high_school,N,H,N,asian,,2
667,1,1,1,1,1,1,95.0,R,HS_drop_out,N,H,N,,F,1
668,1,0,1,0,0,1,87.0,D,bachelors,N,,N,white,M,2
669,1,0,1,0,1,0,63.0,D,bachelors,Y,H,N,,F,2
670,1,0,0,0,0,0,57.0,D,trade_school,N,H,N,hispanic,F,4
671,1,0,1,0,1,0,71.0,R,doctorate,Y,H,N,,F,2
672,1,0,1,0,1,0,34.0,DS,,N,,N,white,M,1
673,1,1,1,1,1,1,40.0,D,some_college,N,,N,white,F,1
674,1,1,1,1,1,1,70.0,D,bachelors,Y,H,N,white,F,3
675,1,1,1,1,1,1,71.0,D,trade_school,N,H,Y,,F,2
676,1,1,1,1,1,1,80.0,D,masters,N,H,N,hispanic,F,2
677,1,1,1,1,1,1,70.0,D,bachelors,Y,H,N,,F,2
678,1,1,1,1,1,1,62.0,D,trade_school,N,H,N,white,F,4
679,1,1,1,1,1,1,91.0,D,some_college,N,,Y,,F,1
680,0,1,1,0,1,1,51.0,D,bachelors,Y,,Y,,M,2
681,0,1,1,1,1,1,72.0,D,high_school,Y,H,N,,M,7
682,1,0,1,0,0,1,30.0,D,bachelors,Y,H,N,black,M,4
683,1,1,1,1,1,1,75.0,R,doctorate,Y,,Y,white,,3
684,0,0,0,0,0,0,68.0,D,some_college,N,,Y,,M,1
685,1,0,0,0,0,1,24.0,D,trade_school,N,,Y,white,M,2
686,1,1,1,0,0,1,39.0,D,masters,N,,Y,white,M,2
687,1,0,1,0,0,1,30.0,R,doctorate,N,H,Y,asian,F,3
688,1,0,0,0,0,1,21.0,D,bachelors,N,,Y,asian,M,3
689,0,1,1,1,1,1,61.0,D,bachelors,N,H,Y,,F,2
690,1,0,1,1,0,0,78.0,D,some_college,Y,,Y,,F,1
691,0,0,1,1,0,0,41.0,R,masters,N,,N,,M,3
692,1,1,1,0,0,1,52.0,D,some_college,N,H,Y,,M,1
693,0,0,0,0,0,1,70.0,DS,high_school,N,H,Y,black,F,3
694,0,0,0,0,0,1,70.0,DS,trade_school,N,H,N,black,F,2
695,1,0,0,0,0,0,23.0,D,some_college,N,,Y,white,M,1
696,0,0,0,0,0,1,19.0,DS,trade_school,N,H,N,,M,3
697,1,0,0,0,0,0,23.0,D,trade_school,N,,Y,,M,2
698,0,0,0,0,0,1,29.0,DS,trade_school,N,,Y,white,M,2
699,0,1,1,1,1,1,60.0,D,bachelors,N,,N,white,F,2
700,0,0,0,0,0,0,34.0,D,bachelors,N,,N,white,M,2
701,0,0,1,0,1,1,87.0,R,HS_drop_out,N,,Y,white,F,1
702,1,0,0,0,0,1,45.0,R,masters,Y,H,Y,asian,F,3
703,0,1,1,1,1,1,80.0,DS,,N,H,Y,jewish,M,1
704,0,0,1,0,0,1,50.0,D,bachelors,N,H,Y,black,M,2
705,0,1,1,1,1,1,84.0,D,bachelors,Y,H,N,white,M,2
706,1,1,1,1,1,1,29.0,D,bachelors,N,,N,white,M,3
707,0,1,1,0,0,1,36.0,D,trade_school,N,,Y,,F,2
708,1,0,0,0,0,0,25.0,D,bachelors,N,,N,,F,4
709,0,1,1,0,0,1,44.0,D,some_college,N,,N,white,,1
710,1,1,1,1,1,0,72.0,D,bachelors,Y,,Y,,F,2
711,1,1,1,1,1,1,61.0,R,HS_drop_out,N,H,N,white,F,1
712,0,0,0,0,0,0,24.0,D,bachelors,N,,Y,white,M,2
713,1,0,1,1,0,0,57.0,D,bachelors,Y,H,N,white,F,4
714,1,1,1,1,1,1,64.0,R,masters,N,H,N,hispanic,M,5
715,1,1,1,1,1,1,40.0,DS,trade_school,N,,Y,hispanic,F,3
716,0,1,1,1,1,1,88.0,D,masters,N,H,N,jewish,F,2
717,0,1,1,1,1,1,73.0,D,some_college,N,,Y,white,F,1
718,0,1,1,1,1,1,63.0,D,bachelors,N,,N,black,F,3
719,0,0,0,0,0,0,50.0,R,masters,Y,H,N,white,F,3
720,1,1,1,1,1,1,91.0,D,bachelors,N,,N,,F,6
721,1,1,1,1,1,1,70.0,R,high_school,N,H,N,,M,5
722,0,0,0,0,0,1,24.0,D,bachelors,N,,Y,,F,3
723,0,1,1,0,0,1,36.0,AI,trade_school,N,,Y,white,M,2
724,1,1,1,1,1,1,52.0,D,bachelors,N,,Y,hispanic,M,2
725,1,1,1,1,1,1,60.0,DS,trade_school,Y,H,N,,F,4
726,0,1,1,1,1,1,41.0,D,bachelors,N,,Y,hispanic,F,2
727,1,0,0,0,0,1,22.0,R,doctorate,N,H,N,white,M,2
728,0,0,0,0,0,1,21.0,D,bachelors,N,H,N,black,M,3
729,0,0,0,0,0,1,72.0,D,bachelors,Y,H,Y,jewish,F,2
730,0,0,1,0,0,1,60.0,DS,,N,,N,white,F,1
731,1,0,0,0,0,1,29.0,DS,high_school,N,,Y,,,2
732,1,1,1,0,0,1,65.0,D,some_college,N,,N,white,F,1
733,1,0,0,0,0,1,56.0,D,bachelors,N,,Y,white,F,2
734,0,1,1,1,1,1,74.0,D,bachelors,Y,H,N,white,M,2
735,1,0,0,0,0,0,27.0,AI,,N,,Y,hispanic,,1
736,0,1,1,1,1,1,75.0,R,high_school,Y,H,N,,M,3
737,0,0,1,1,0,1,73.0,D,bachelors,N,H,N,black,F,2
738,1,1,1,1,1,1,77.0,D,bachelors,N,H,N,white,F,3
739,0,1,1,1,1,1,84.0,D,some_college,N,H,Y,white,F,1
740,0,1,1,1,1,1,62.0,D,some_college,N,,Y,black,F,1
741,1,0,0,0,0,1,41.0,D,bachelors,N,H,N,black,M,3
742,0,0,1,0,0,1,59.0,D,trade_school,Y,H,Y,white,M,2
743,1,1,1,0,0,1,42.0,DS,,N,,Y,asian,M,1
744,0,1,1,1,1,1,67.0,D,bachelors,N,,N,indian,F,3
745,0,0,1,0,1,1,86.0,D,trade_school,N,H,N,white,M,3
746,0,0,0,0,0,1,53.0,D,some_college,N,H,N,white,F,1
747,1,0,1,0,1,1,59.0,D,trade_school,N,,N,black,F,3
748,1,1,1,1,1,1,56.0,D,some_college,Y,,Y,jewish,F,1
749,0,1,1,1,1,1,65.0,D,some_college,N,,Y,white,M,1
750,0,1,1,0,1,1,48.0,D,bachelors,N,,N,,F,2
751,1,1,1,1,1,1,87.0,D,some_college,N,,Y,black,F,1
752,0,1,1,1,1,1,45.0,D,bachelors,N,,Y,white,M,2
753,1,1,1,1,1,1,63.0,DS,trade_school,N,H,N,white,F,2
754,1,1,1,1,1,1,62.0,D,bachelors,N,H,Y,black,F,3
755,1,1,1,1,1,1,46.0,D,trade_school,N,H,N,,F,3
756,0,1,1,1,1,1,73.0,D,bachelors,N,H,Y,,M,2
757,1,1,1,1,1,1,62.0,R,doctorate,N,H,Y,white,M,3
758,1,1,1,1,1,0,72.0,D,some_college,N,H,Y,jewish,M,1
759,0,0,1,0,0,0,26.0,D,trade_school,N,,Y,asian,F,3
760,0,1,1,1,1,1,76.0,D,bachelors,N,,Y,white,M,2
761,0,0,1,0,1,1,56.0,D,trade_school,N,H,N,,F,3
762,0,1,1,1,1,1,59.0,D,some_college,N,,N,,F,1
763,0,0,1,1,0,0,59.0,D,bachelors,N,H,N,jewish,F,2
764,1,1,1,1,1,1,67.0,R,HS_drop_out,N,,Y,white,F,1
765,0,1,1,1,1,1,91.0,D,some_college,N,H,N,,M,1
766,1,1,1,1,1,1,83.0,D,bachelors,Y,H,N,white,M,2
767,1,1,1,0,1,1,61.0,D,bachelors,N,H,N,,F,3
768,0,1,1,1,1,0,48.0,DS,trade_school,N,,Y,hispanic,F,2
769,1,1,1,1,1,1,70.0,D,bachelors,N,H,Y,white,M,2
770,0,0,0,0,0,1,75.0,D,some_college,N,,Y,black,F,1
771,1,1,1,1,1,1,83.0,R,doctorate,N,H,N,white,F,2
772,0,1,1,0,0,1,64.0,D,some_college,N,,N,white,F,1
773,0,1,1,1,1,0,72.0,D,some_college,N,,Y,,M,1
774,1,1,1,1,0,1,68.0,DS,high_school,N,,N,white,F,2
775,0,0,1,1,0,0,45.0,D,bachelors,N,H,N,,F,2
776,0,1,1,1,1,1,84.0,R,high_school,N,H,N,white,M,7
777,1,1,1,0,0,1,36.0,D,bachelors,N,,Y,,M,2
778,1,0,0,0,0,1,44.0,D,some_college,N,,Y,hispanic,M,1
779,1,1,1,1,1,1,94.0,R,HS_drop_out,N,H,N,white,F,1
780,1,1,1,0,0,1,71.0,D,high_school,Y,H,N,white,F,4
781,0,1,1,0,0,1,85.0,R,HS_drop_out,N,,Y,white,F,1
782,1,1,1,0,0,1,59.0,DS,,N,,Y,white,F,1
783,0,1,1,1,1,1,66.0,D,bachelors,N,H,N,black,F,3
784,1,1,1,1,1,1,78.0,D,bachelors,Y,H,N,white,M,2
785,0,1,1,1,1,1,56.0,D,bachelors,N,,N,hispanic,F,3
786,0,1,1,1,1,1,38.0,D,some_college,N,,Y,white,M,1
787,0,0,0,0,0,1,41.0,D,bachelors,N,,Y,white,M,4
788,1,0,1,1,0,1,30.0,D,some_college,N,,N,asian,F,1
789,0,1,1,1,1,1,67.0,D,bachelors,Y,H,N,white,M,2
790,1,1,1,1,1,1,79.0,R,doctorate,Y,H,N,asian,M,2
791,0,0,0,0,0,1,28.0,D,bachelors,N,,Y,,F,2
792,0,1,1,1,1,1,33.0,D,some_college,N,,Y,,M,1
793,1,1,1,1,0,0,60.0,R,masters,Y,H,N,asian,M,3
794,1,1,1,1,1,1,72.0,D,bachelors,Y,H,Y,white,F,2
795,1,0,1,1,0,1,47.0,D,some_college,N,H,Y,white,F,1
796,0,0,1,1,0,1,43.0,DS,,N,,N,asian,F,1
797,1,0,1,1,0,1,37.0,D,masters,Y,H,N,,F,2
798,1,1,1,1,0,1,78.0,R,doctorate,Y,,Y,indian,F,2
799,1,1,1,1,1,1,87.0,D,trade_school,N,H,N,black,F,3
800,0,0,0,0,0,0,48.0,DS,,N,,Y,white,F,1
801,0,0,0,0,0,0,63.0,GR,high_school,N,,Y,white,M,1
802,0,1,1,1,1,0,51.0,D,bachelors,N,H,N,hispanic,M,2
803,0,1,1,1,1,1,82.0,D,trade_school,N,H,N,black,F,4
804,0,1,1,1,0,1,69.0,D,high_school,Y,,N,white,F,4
805,0,1,1,1,1,1,34.0,D,bachelors,N,H,N,asian,F,2
806,0,1,1,1,1,1,89.0,R,masters,Y,H,N,asian,M,2
807,1,1,1,1,1,0,83.0,D,trade_school,N,H,N,white,M,2
808,0,1,1,1,1,1,82.0,R,HS_drop_out,N,,Y,indian,F,1
809,1,1,1,0,0,1,43.0,R,HS_drop_out,N,,N,white,M,1
810,0,1,1,1,1,0,56.0,D,masters,N,,N,,F,2
811,0,0,0,0,0,1,19.0,D,trade_school,N,,Y,,,3
812,1,1,1,1,1,0,65.0,R,high_school,N,H,N,white,M,3
813,1,1,1,1,1,1,53.0,D,bachelors,N,H,N,,F,2
814,1,1,1,1,1,1,34.0,D,some_college,N,,Y,hispanic,M,1
815,0,1,1,1,0,1,68.0,R,doctorate,N,,N,white,M,2
816,0,0,1,0,1,1,38.0,D,bachelors,N,,Y,,F,2
817,0,1,1,1,0,1,90.0,D,bachelors,N,H,N,black,F,2
818,1,1,1,1,1,1,58.0,D,trade_school,N,H,N,,F,2
819,1,1,1,1,1,1,73.0,R,doctorate,Y,H,N,white,M,2
820,1,0,1,0,0,1,84.0,D,some_college,N,,Y,,F,1
821,0,1,1,1,1,1,66.0,D,bachelors,Y,H,N,,F,4
822,1,1,1,1,1,1,58.0,D,bachelors,N,,N,indian,F,2
823,1,1,1,1,1,1,64.0,R,masters,Y,,Y,jewish,M,2
824,1,1,1,1,1,1,56.0,DS,high_school,N,,N,asian,F,10
825,0,1,1,1,1,1,70.0,D,some_college,N,,Y,jewish,M,1
826,1,1,1,1,1,1,82.0,R,doctorate,Y,H,N,,M,2
827,1,1,1,1,1,1,34.0,D,some_college,N,,Y,white,M,1
828,0,1,1,1,1,1,75.0,D,some_college,N,H,N,black,M,1
829,1,0,0,0,0,1,40.0,D,bachelors,N,H,Y,,F,2
830,0,0,0,0,0,0,33.0,D,trade_school,Y,,Y,white,F,3
831,1,0,1,1,0,0,53.0,R,doctorate,Y,H,N,,F,2
832,0,1,1,1,1,1,43.0,D,some_college,N,,Y,jewish,M,1
833,1,0,0,0,0,1,27.0,D,trade_school,N,,N,,M,4
834,1,0,0,0,0,0,27.0,DS,trade_school,N,,Y,hispanic,F,2
835,0,1,1,1,1,1,82.0,D,bachelors,Y,H,N,black,F,3
836,1,1,1,1,1,1,45.0,DS,high_school,N,,N,hispanic,M,2
837,0,1,1,1,1,1,74.0,R,high_school,N,,Y,white,M,3
838,0,1,1,1,1,1,29.0,D,bachelors,N,H,Y,asian,M,2
839,1,1,1,0,1,1,87.0,R,high_school,Y,H,N,black,F,3
840,0,1,1,1,1,1,81.0,R,doctorate,Y,H,N,white,F,2
841,0,1,1,1,1,1,77.0,D,bachelors,N,H,N,,M,3
842,1,1,1,1,1,1,45.0,R,high_school,N,,Y,,M,2
843,1,1,1,1,1,1,40.0,DS,,N,,Y,,M,1
844,1,0,0,0,0,1,27.0,R,HS_drop_out,N,H,Y,indian,M,1
845,0,0,1,1,0,1,43.0,D,bachelors,N,H,N,hispanic,F,3
846,1,1,1,1,1,1,59.0,D,high_school,N,H,Y,white,M,4
847,1,1,1,1,1,1,66.0,D,trade_school,N,,N,,M,4
848,1,1,1,1,1,1,75.0,D,bachelors,Y,H,N,white,F,2
849,1,1,1,1,1,1,79.0,D,bachelors,Y,H,N,white,M,2
850,0,1,1,1,1,1,59.0,DS,trade_school,N,,N,,M,3
851,1,1,1,1,1,1,79.0,R,doctorate,Y,H,N,white,M,2
852,1,1,1,0,0,1,53.0,D,trade_school,Y,H,N,black,M,3
853,1,1,1,1,1,1,69.0,R,doctorate,Y,H,N,white,M,4
854,1,1,1,1,0,0,59.0,D,trade_school,N,H,N,,M,2
855,0,1,1,1,1,1,70.0,DS,trade_school,Y,H,Y,black,M,3
856,0,1,1,1,1,1,33.0,D,high_school,N,,Y,white,M,3
857,1,1,1,0,0,1,21.0,DS,,N,,Y,,M,1
858,0,0,0,0,0,0,52.0,R,high_school,N,,Y,white,M,2
859,1,1,1,1,0,1,78.0,D,bachelors,Y,H,Y,,F,2
860,1,1,1,1,1,1,52.0,D,bachelors,N,,N,,M,3
861,0,0,0,0,0,1,72.0,D,some_college,N,H,Y,white,F,1
862,1,0,0,0,0,1,33.0,D,some_college,N,,Y,,F,1
863,0,1,1,1,1,1,64.0,D,bachelors,Y,H,N,white,M,4
864,1,0,1,0,1,1,64.0,D,some_college,N,,Y,,M,1
865,1,0,0,0,0,0,60.0,R,high_school,N,H,N,black,M,2
866,1,0,0,0,0,0,94.0,R,high_school,N,H,N,white,F,2
867,1,1,1,1,1,1,85.0,D,bachelors,N,H,N,asian,F,2
868,1,0,1,0,0,1,67.0,D,trade_school,N,H,N,white,F,2
869,0,1,1,1,1,1,72.0,D,bachelors,N,H,N,,M,2
870,1,1,1,0,0,1,53.0,D,bachelors,N,,Y,asian,F,2
871,1,0,0,0,0,1,61.0,D,bachelors,N,H,N,,F,2
872,0,1,1,1,1,0,92.0,D,some_college,Y,H,Y,white,M,1
873,0,0,0,0,0,1,33.0,D,bachelors,N,,Y,white,M,2
874,1,1,1,0,0,1,33.0,D,trade_school,N,,N,white,M,5
875,1,0,0,0,0,0,22.0,D,bachelors,N,H,N,white,F,3
876,1,0,0,0,0,1,54.0,D,trade_school,N,,N,black,F,4
877,0,0,0,0,0,0,18.0,D,some_college,N,,Y,hispanic,F,1
878,1,0,1,1,0,0,59.0,R,HS_drop_out,N,H,N,white,F,1
879,1,1,1,1,1,1,84.0,D,bachelors,N,H,N,,F,2
880,0,0,0,0,0,0,37.0,D,bachelors,N,H,Y,white,M,2
881,0,1,1,1,1,1,85.0,R,HS_drop_out,N,H,Y,white,F,1
882,0,0,0,0,0,1,32.0,D,bachelors,N,,Y,white,M,3
883,1,1,1,0,1,1,26.0,D,bachelors,N,,N,hispanic,,2
884,0,1,1,1,1,1,56.0,D,masters,Y,H,N,white,F,5
885,0,0,1,0,0,1,87.0,R,HS_drop_out,N,H,Y,white,M,1
886,1,0,0,0,0,0,69.0,D,some_college,N,,Y,white,M,1
887,0,1,1,1,1,1,50.0,DS,trade_school,N,,Y,asian,M,3
888,0,1,1,1,1,1,89.0,D,bachelors,Y,H,N,white,M,3
889,0,1,1,1,1,1,70.0,D,bachelors,N,H,N,asian,F,3
890,0,0,1,0,1,1,68.0,D,some_college,N,,Y,white,F,1
891,0,1,1,1,1,0,22.0,D,bachelors,N,,Y,white,M,3
892,0,1,1,1,1,1,63.0,D,some_college,N,H,Y,white,F,1
893,1,0,0,0,0,1,31.0,D,bachelors,N,,Y,,M,2
894,0,0,1,0,0,1,77.0,D,bachelors,N,H,N,white,F,2
895,1,0,1,0,1,1,73.0,D,bachelors,N,H,N,jewish,M,2
896,1,1,1,1,0,1,74.0,D,bachelors,Y,,N,,M,2
897,1,1,1,1,1,1,81.0,R,HS_drop_out,N,H,N,white,F,1
898,1,1,1,0,1,1,69.0,D,bachelors,Y,H,N,,F,2
899,1,1,1,1,1,1,53.0,R,high_school,Y,H,N,white,M,4
900,0,1,1,0,0,0,48.0,DS,trade_school,N,,Y,,M,2
901,1,1,1,1,1,1,73.0,DS,high_school,Y,H,N,black,F,2
902,0,1,1,1,0,1,39.0,D,some_college,N,,Y,asian,F,1
903,0,1,1,1,1,1,35.0,D,bachelors,Y,H,Y,white,F,2
904,1,0,0,0,0,1,58.0,D,trade_school,N,H,N,asian,M,4
905,1,1,1,1,0,1,73.0,D,bachelors,Y,H,Y,black,F,2
906,1,0,1,1,0,1,27.0,D,some_college,N,,Y,white,F,1
907,0,1,1,0,0,1,60.0,DS,trade_school,N,,Y,white,M,2
908,0,1,1,0,0,1,73.0,R,doctorate,Y,H,N,white,M,2
909,1,1,1,1,1,1,53.0,D,trade_school,N,,N,white,F,2
910,0,1,1,1,1,1,72.0,D,masters,Y,H,N,,F,2
911,0,1,1,1,1,1,69.0,D,bachelors,Y,,Y,white,F,3
912,0,1,1,1,1,1,75.0,D,bachelors,N,H,N,white,M,3
913,1,0,0,0,0,0,28.0,D,some_college,N,,Y,asian,F,1
914,1,1,1,1,1,0,90.0,D,bachelors,N,H,N,black,M,2
915,1,0,1,0,0,1,45.0,D,some_college,N,,Y,hispanic,M,1
916,0,1,1,1,1,1,40.0,R,masters,N,,Y,hispanic,M,2
917,0,1,1,1,1,1,52.0,DS,,N,H,Y,black,F,1
918,0,1,1,1,1,1,60.0,D,masters,N,,Y,white,F,5
919,0,1,1,1,1,1,84.0,D,bachelors,N,H,N,white,F,2
920,0,0,1,0,1,0,73.0,D,bachelors,N,H,N,black,F,2
921,1,1,1,0,0,1,38.0,D,some_college,N,,Y,hispanic,M,1
922,0,0,0,0,0,0,22.0,DS,trade_school,N,,N,white,M,3
923,1,1,1,1,0,1,57.0,D,trade_school,N,H,N,white,M,2
924,1,1,1,1,1,1,85.0,R,HS_drop_out,N,H,N,white,M,1
925,1,0,0,0,0,1,36.0,D,trade_school,N,,N,white,F,2
926,1,1,1,1,1,1,76.0,DS,high_school,N,H,N,white,M,2
927,1,1,1,0,0,1,63.0,D,masters,N,,Y,white,F,2
928,1,1,1,1,1,1,64.0,D,bachelors,N,,N,,F,2
929,0,1,1,1,1,1,76.0,D,trade_school,N,,N,white,F,3
930,0,1,1,1,1,1,35.0,D,trade_school,Y,,Y,hispanic,F,4
931,1,1,1,0,0,1,57.0,DS,,N,,Y,white,M,1
932,1,1,1,0,0,1,58.0,D,bachelors,N,,Y,black,F,3
933,1,0,1,0,1,1,34.0,DS,high_school,N,H,N,,M,4
934,0,0,1,0,0,1,42.0,D,some_college,N,,Y,white,M,1
935,1,0,1,1,0,0,59.0,D,masters,N,H,N,white,F,3
936,1,1,1,1,1,1,70.0,R,masters,N,H,N,white,M,2
937,1,1,1,1,1,1,74.0,R,masters,N,,N,jewish,M,2
938,0,1,1,0,0,1,52.0,D,trade_school,N,,N,,M,5
939,0,1,1,1,1,1,81.0,D,bachelors,Y,H,N,white,F,2
940,0,0,0,0,0,1,42.0,D,some_college,N,,N,white,F,1
941,0,1,1,1,1,1,82.0,R,high_school,N,,N,white,F,2
942,0,1,1,1,1,1,69.0,D,bachelors,N,,Y,,F,2
943,1,1,1,0,0,1,26.0,D,high_school,N,,Y,hispanic,M,2
944,0,1,1,0,0,1,69.0,D,some_college,N,,Y,white,M,1
945,0,0,1,0,0,1,45.0,DS,,N,,Y,,M,1
946,0,1,1,1,1,1,74.0,DS,,N,H,N,asian,M,1
947,0,0,1,1,0,1,51.0,DS,high_school,N,,Y,indian,M,2
948,0,0,0,0,0,0,16.0,D,some_college,N,H,N,black,F,1
949,1,1,1,1,0,1,85.0,R,HS_drop_out,N,,N,,F,1
950,1,1,1,1,1,1,83.0,D,some_college,N,H,N,white,M,1
951,0,0,1,1,0,1,62.0,D,some_college,N,,Y,indian,M,1
952,1,1,1,1,1,1,58.0,D,some_college,N,H,N,black,F,1
953,1,1,1,0,1,1,54.0,D,some_college,N,,Y,white,F,1
954,0,1,1,1,0,1,84.0,R,masters,N,H,N,white,M,2
955,1,1,1,0,0,1,33.0,R,HS_drop_out,N,,N,asian,M,1
956,1,1,1,0,0,1,82.0,R,high_school,N,H,N,white,M,3
957,1,0,1,0,1,1,69.0,R,high_school,N,H,N,white,M,2
958,1,0,1,0,1,1,37.0,D,bachelors,N,,Y,white,F,3
959,1,1,1,1,1,0,30.0,D,some_college,N,H,N,white,M,1
960,1,0,1,0,0,1,52.0,R,doctorate,Y,H,N,jewish,F,2
961,0,1,1,1,1,1,80.0,DS,trade_school,Y,,N,white,M,2
962,0,1,1,1,1,1,53.0,DS,trade_school,N,H,N,,M,2
963,0,1,1,1,1,1,39.0,DS,trade_school,N,,Y,,M,2
964,0,1,1,0,1,1,86.0,PF,high_school,N,H,Y,white,M,3
965,1,0,0,0,0,1,24.0,DS,high_school,N,,Y,,M,2
966,1,0,1,0,1,1,43.0,D,bachelors,N,H,N,white,M,2
967,1,1,1,1,1,1,94.0,D,high_school,N,H,N,black,F,4
968,0,0,0,0,0,1,36.0,LI,high_school,N,,N,,M,2
969,1,1,1,1,1,1,56.0,R,doctorate,N,H,N,,F,2
970,0,1,1,1,0,1,47.0,D,some_college,N,,Y,,M,1
971,0,1,1,1,1,1,75.0,D,bachelors,N,,N,black,M,2
972,1,1,1,1,1,1,66.0,R,masters,N,,Y,,M,2
973,1,1,1,1,1,1,81.0,R,HS_drop_out,N,H,N,,F,1
974,0,1,1,1,1,0,73.0,D,some_college,N,H,Y,white,F,1
975,1,1,1,1,0,1,51.0,AI,,Y,,Y,,F,1
976,0,1,1,1,1,1,51.0,D,bachelors,N,H,N,asian,F,2
977,1,0,1,0,1,1,74.0,DS,high_school,N,,Y,white,F,2
978,0,1,1,1,1,1,58.0,R,masters,N,H,N,,M,2
979,0,1,1,0,0,1,82.0,D,trade_school,N,,N,black,M,4
980,1,0,0,0,0,1,37.0,DS,high_school,Y,H,N,white,M,2
981,0,1,1,0,0,1,61.0,D,trade_school,N,,Y,white,M,2
982,0,1,1,0,0,1,68.0,R,doctorate,N,H,N,white,F,2
983,0,0,0,0,0,1,37.0,D,bachelors,N,,N,,M,3
984,1,1,1,0,0,1,38.0,D,some_college,N,,Y,white,M,1
985,1,0,0,0,0,0,26.0,D,trade_school,N,,Y,white,M,2
986,0,1,1,1,1,1,71.0,D,bachelors,N,H,N,white,M,2
987,1,1,1,1,1,1,56.0,D,bachelors,Y,H,N,black,M,3
988,0,0,1,0,0,1,28.0,R,high_school,Y,H,N,asian,F,6
989,1,1,1,1,1,1,50.0,D,bachelors,Y,H,N,black,F,3
990,1,1,1,0,1,1,26.0,D,bachelors,N,,Y,jewish,M,2
991,0,1,1,1,1,1,82.0,D,bachelors,N,H,Y,black,M,2
992,0,0,1,0,1,1,56.0,DS,trade_school,N,H,N,white,F,3
993,0,0,1,0,1,0,42.0,AI,high_school,N,H,N,indian,F,2
994,0,0,0,0,0,0,73.0,D,trade_school,N,H,Y,indian,F,2
995,1,0,1,0,1,1,47.0,D,some_college,N,,Y,hispanic,F,1
996,0,0,0,0,0,0,22.0,R,masters,N,,Y,white,M,2
997,1,0,0,0,0,0,77.0,DS,,N,H,Y,white,M,1
998,1,1,1,1,1,1,78.0,R,doctorate,Y,H,Y,asian,M,2
999,0,1,1,0,0,0,54.0,D,some_college,Y,H,N,white,F,1
1000,1,0,0,0,0,1,42.0,D,bachelors,N,,Y,white,F,2
1001,0,0,1,0,0,1,66.0,D,bachelors,N,H,N,,M,2
1002,1,1,1,1,1,1,42.0,D,some_college,N,H,Y,black,F,1
1003,0,1,1,1,1,1,78.0,D,trade_school,N,H,N,white,M,4
1004,1,0,0,0,0,1,32.0,D,trade_school,Y,,Y,asian,F,2
1005,1,1,1,1,1,1,85.0,R,HS_drop_out,N,H,N,,F,1
1006,0,1,1,1,1,1,63.0,D,some_college,N,,Y,white,M,1
1007,0,1,1,1,1,1,75.0,D,bachelors,N,H,N,hispanic,M,3
1008,0,1,1,1,1,1,76.0,R,doctorate,N,H,N,,F,2
1009,1,0,0,0,0,0,51.0,D,bachelors,Y,H,N,,F,2
1010,0,1,1,1,1,0,63.0,R,doctorate,Y,H,N,,F,2
1011,1,1,1,0,1,1,26.0,D,masters,N,H,N,white,F,3
1012,1,1,1,1,1,0,52.0,R,high_school,N,,N,black,M,3
1013,0,1,1,1,1,1,44.0,D,bachelors,N,,Y,,M,2
1014,1,0,1,0,1,0,23.0,D,bachelors,N,H,N,white,F,4
1015,0,1,1,1,1,1,86.0,D,trade_school,N,H,N,white,F,3
1016,1,1,1,1,0,1,67.0,R,HS_drop_out,N,,Y,white,F,1
1017,0,1,1,1,1,1,89.0,D,some_college,N,,Y,white,F,1
1018,1,0,1,0,1,1,65.0,D,trade_school,N,,N,hispanic,M,3
1019,0,1,1,1,1,1,89.0,D,bachelors,N,H,N,black,M,2
1020,0,0,0,0,0,0,29.0,D,trade_school,N,,Y,,M,3
1021,1,0,0,1,1,1,55.0,DS,high_school,N,,Y,white,F,2
1022,0,0,0,0,0,1,53.0,D,some_college,N,,Y,hispanic,M,1
1023,1,0,1,0,0,1,52.0,AI,high_school,N,,N,hispanic,M,3
1024,0,0,0,0,0,0,30.0,D,high_school,N,,Y,white,F,2
1025,0,1,1,1,1,0,83.0,DS,,N,,Y,,M,1
1026,1,1,1,1,1,1,54.0,D,bachelors,N,H,N,hispanic,F,2
1027,0,1,1,0,0,1,47.0,D,bachelors,N,,N,white,M,2
1028,1,1,1,0,0,1,26.0,D,high_school,N,,Y,jewish,F,3
1029,1,1,1,1,1,1,64.0,DS,high_school,Y,H,N,jewish,M,4
1030,0,0,1,1,0,1,78.0,R,doctorate,N,H,N,white,F,2
1031,0,1,1,0,0,1,64.0,D,some_college,N,,Y,,F,1
1032,0,0,1,0,0,1,69.0,D,bachelors,N,H,N,black,F,2
1033,0,1,1,1,1,1,60.0,D,bachelors,Y,H,N,black,F,5
1034,0,1,1,0,0,0,34.0,D,bachelors,N,,Y,,M,2
1035,0,0,1,0,0,1,52.0,D,bachelors,N,H,N,white,M,2
1036,1,0,1,1,0,1,49.0,R,doctorate,N,H,N,white,M,2
1037,1,0,0,0,0,1,34.0,D,trade_school,N,,Y,white,M,3
1038,1,1,1,0,1,1,59.0,D,some_college,N,,N,white,F,1
1039,0,1,1,1,1,1,66.0,D,some_college,N,H,N,asian,F,1
1040,0,1,1,1,1,1,81.0,D,some_college,N,H,N,white,M,1
1041,1,1,1,1,1,1,69.0,R,HS_drop_out,N,,Y,,F,1
1042,1,0,1,0,1,0,58.0,D,bachelors,Y,H,N,white,F,4
1043,0,0,1,0,1,1,62.0,D,bachelors,N,H,N,white,M,2
1044,1,1,1,0,1,1,78.0,D,bachelors,Y,H,N,,M,2
1045,0,1,1,0,1,1,39.0,D,bachelors,N,,Y,white,F,2
1046,0,0,0,0,0,0,22.0,D,bachelors,N,H,N,white,M,3
1047,0,0,1,0,1,1,72.0,D,some_college,N,,N,white,M,1
1048,0,1,1,1,1,1,76.0,D,bachelors,N,H,N,,F,2
1049,0,1,1,1,1,1,56.0,D,some_college,N,,Y,black,F,1
1050,1,1,1,1,1,1,68.0,DS,high_school,Y,H,N,black,M,2
1051,0,0,1,1,0,1,75.0,D,masters,Y,H,Y,white,M,2
1052,0,1,1,1,1,1,85.0,D,bachelors,N,H,N,white,F,2
1053,1,1,1,1,1,1,41.0,D,trade_school,N,,Y,asian,M,3
1054,0,0,1,0,0,1,72.0,D,some_college,N,,Y,white,F,1
1055,1,0,1,0,0,1,88.0,YY,trade_school,N,,N,black,M,2
1056,1,0,1,1,0,1,54.0,DS,,N,,Y,,F,1
1057,1,0,0,0,0,1,31.0,D,high_school,N,H,N,asian,M,3
1058,1,1,1,1,1,1,48.0,D,masters,Y,H,N,indian,F,2
1059,1,1,1,1,1,1,71.0,D,some_college,N,H,N,white,F,1
1060,0,1,1,1,1,1,55.0,D,bachelors,N,H,N,white,F,2
1061,0,1,1,1,1,1,61.0,D,bachelors,N,H,N,black,F,2
1062,1,0,0,0,0,0,78.0,DS,,N,H,Y,black,F,1
1063,1,0,0,0,0,1,32.0,D,bachelors,N,H,N,hispanic,F,2
1064,0,1,1,1,1,1,67.0,DS,high_school,Y,,Y,white,M,3
1065,1,1,1,1,0,1,36.0,R,high_school,N,,Y,white,M,2
1066,1,0,0,0,0,1,30.0,D,bachelors,N,,Y,white,F,2
1067,0,1,1,1,1,1,55.0,D,some_college,N,,Y,,M,1
1068,1,1,1,1,1,1,71.0,D,trade_school,Y,H,N,hispanic,F,4
1069,0,1,1,1,1,1,81.0,D,trade_school,Y,,Y,black,M,2
1070,1,1,1,1,1,1,69.0,DS,high_school,Y,H,N,white,F,2
1071,1,1,1,0,1,1,52.0,D,high_school,N,,Y,white,M,3
1072,1,1,1,1,1,1,59.0,DS,,N,,N,white,F,1
1073,0,1,1,1,0,1,57.0,D,bachelors,N,,N,white,M,3
1074,0,1,1,0,0,1,33.0,D,bachelors,N,,Y,white,F,2
1075,0,0,0,0,0,0,36.0,YY,trade_school,N,,Y,,M,4
1076,1,1,1,0,0,1,60.0,DS,trade_school,N,H,Y,,M,2
1077,0,1,1,1,1,1,75.0,D,bachelors,Y,H,N,white,M,2
1078,0,1,1,1,1,1,92.0,D,some_college,N,H,Y,black,F,1
1079,1,1,1,1,1,1,58.0,DS,trade_school,Y,H,N,white,M,4
1080,1,1,1,1,1,1,60.0,D,bachelors,Y,,N,indian,F,3
1081,0,1,1,0,0,1,73.0,R,doctorate,N,,Y,hispanic,M,2
1082,0,0,0,0,0,0,78.0,GR,high_school,N,,N,white,M,1
1083,0,1,1,1,1,0,58.0,DS,trade_school,N,,Y,,M,3
1084,0,1,1,1,1,1,81.0,R,HS_drop_out,N,,Y,,M,1
1085,0,0,0,0,0,1,51.0,D,trade_school,N,,Y,,F,2
1086,1,0,1,1,0,1,87.0,R,HS_drop_out,Y,H,N,,F,1
1087,0,0,0,0,0,1,23.0,D,bachelors,N,,N,white,M,4
1088,0,0,0,0,0,0,29.0,D,bachelors,N,,Y,white,F,2
1089,1,1,1,1,1,1,49.0,D,some_college,N,,Y,white,F,1
1090,0,0,1,1,0,1,47.0,D,some_college,N,,N,,F,1
1091,1,1,1,0,0,1,40.0,D,trade_school,N,H,N,white,F,2
1092,0,1,1,1,1,1,66.0,D,bachelors,Y,H,N,,F,3
1093,0,0,1,0,0,1,72.0,DS,,N,,Y,indian,M,1
1094,0,1,1,1,1,1,79.0,D,some_college,N,H,Y,white,F,1
1095,1,0,0,0,0,1,28.0,D,bachelors,N,,Y,white,M,2
1096,1,0,0,0,0,0,34.0,D,some_college,N,,Y,hispanic,F,1
1097,1,1,1,1,1,1,65.0,D,bachelors,N,H,N,,F,2
1098,1,0,0,0,0,1,44.0,R,HS_drop_out,N,H,Y,,F,1
1099,0,1,1,1,0,1,66.0,D,some_college,N,,Y,white,M,1
1100,0,0,1,0,0,1,42.0,D,some_college,N,H,Y,,M,1
1101,1,1,1,1,1,1,81.0,D,bachelors,N,,N,hispanic,F,4
1102,0,0,1,1,0,1,70.0,D,bachelors,N,H,N,,M,3
1103,0,0,1,0,1,1,52.0,D,trade_school,Y,H,N,,F,2
1104,0,1,1,1,1,1,85.0,R,high_school,N,H,N,white,F,2
1105,0,1,1,1,1,1,69.0,D,bachelors,N,H,N,black,M,2
1106,0,0,1,1,0,1,67.0,D,some_college,N,,Y,hispanic,F,1
1107,0,1,1,1,1,1,79.0,D,bachelors,N,H,N,black,F,2
1108,1,1,1,1,1,1,91.0,R,masters,N,H,N,indian,M,3
1109,1,0,1,0,0,1,64.0,R,HS_drop_out,N,H,N,white,F,1
1110,0,1,1,1,1,1,59.0,D,bachelors,N,H,N,white,F,7
1111,1,0,0,0,0,1,65.0,D,bachelors,Y,H,N,white,F,3
1112,1,0,0,1,0,1,42.0,R,high_school,N,,Y,white,M,3
1113,0,1,1,1,1,0,67.0,D,some_college,N,H,N,black,F,1
1114,0,1,1,0,0,1,23.0,D,some_college,N,,Y,white,M,1
1115,0,1,1,1,1,1,84.0,D,bachelors,N,H,N,black,M,2
1116,0,0,1,0,1,1,48.0,D,trade_school,N,H,N,asian,M,3
1117,0,1,1,1,1,1,71.0,R,doctorate,Y,H,N,white,F,2
1118,0,0,0,0,0,0,59.0,D,some_college,N,,Y,,M,1
1119,0,1,1,1,1,1,52.0,D,bachelors,N,H,N,white,M,2
1120,0,1,1,1,1,1,64.0,D,bachelors,N,H,N,black,M,2
1121,1,0,0,0,0,0,29.0,D,trade_school,N,,Y,,M,2
1122,0,1,1,1,1,1,76.0,R,masters,N,H,N,white,M,2
1123,1,1,1,1,1,1,81.0,D,some_college,N,H,Y,,F,1
1124,1,0,1,1,0,1,74.0,D,trade_school,N,H,N,jewish,F,3
1125,1,1,1,0,0,1,58.0,D,some_college,N,,N,hispanic,F,1
1126,0,0,1,1,0,1,83.0,D,masters,N,H,N,indian,F,3
1127,1,1,1,1,1,0,50.0,D,bachelors,N,,Y,,F,2
1128,0,1,1,1,0,1,58.0,D,bachelors,N,,Y,white,M,2
1129,1,1,1,1,1,1,78.0,D,some_college,N,H,N,indian,M,1
1130,1,1,1,0,0,1,84.0,D,bachelors,N,,N,black,M,4
1131,0,1,1,1,0,1,51.0,D,bachelors,N,,Y,,M,2
1132,0,1,1,1,1,1,66.0,D,some_college,N,H,N,black,F,1
1133,1,0,1,1,0,1,57.0,DS,,N,,Y,,M,1
1134,1,1,1,1,1,1,68.0,R,doctorate,N,H,N,white,M,3
1135,0,1,1,1,1,1,83.0,D,high_school,N,H,N,white,F,3
1136,0,0,0,0,0,1,35.0,DS,trade_school,N,,Y,white,M,3
1137,1,0,0,0,0,1,35.0,D,bachelors,N,H,Y,white,M,2
1138,1,0,1,0,1,0,63.0,AI,high_school,N,,N,,F,2
1139,0,1,1,1,1,1,88.0,D,bachelors,N,H,N,,M,2
1140,0,0,1,0,1,1,37.0,D,bachelors,N,,N,white,F,2
1141,0,0,1,1,0,1,73.0,D,bachelors,N,,Y,white,M,2
1142,0,0,1,0,1,1,75.0,LI,high_school,N,,N,white,M,1
1143,1,1,1,0,0,1,46.0,D,some_college,N,,Y,white,M,1
1144,0,1,1,1,1,1,62.0,D,some_college,N,,Y,,F,1
1145,0,1,1,1,1,1,70.0,DS,trade_school,Y,H,N,black,M,4
1146,0,0,0,0,0,1,42.0,D,some_college,N,,Y,hispanic,M,1
1147,0,0,0,0,0,0,35.0,D,some_college,N,,N,white,F,1
1148,0,0,1,0,0,0,37.0,DS,high_school,N,,Y,white,F,3
1149,0,1,1,1,1,1,72.0,R,masters,Y,H,N,black,M,2
1150,0,1,1,1,1,1,75.0,D,bachelors,N,H,N,white,M,2
1151,0,1,1,1,1,1,84.0,LI,high_school,N,H,N,white,F,1
1152,1,1,1,1,1,0,64.0,D,bachelors,N,H,N,hispanic,M,3
1153,0,0,1,1,0,1,74.0,D,bachelors,N,H,Y,white,F,2
1154,1,1,1,1,1,1,78.0,D,bachelors,N,H,N,white,M,4
1155,0,0,0,0,0,0,46.0,DS,trade_school,N,,N,white,M,2
1156,0,1,1,1,0,1,25.0,D,bachelors,N,,Y,white,F,4
1157,0,0,0,0,0,1,53.0,D,bachelors,N,,N,,M,3
1158,1,1,1,1,1,1,82.0,R,doctorate,Y,H,N,black,F,2
1159,0,1,1,1,1,1,87.0,R,HS_drop_out,N,H,N,white,M,1
1160,1,0,1,0,1,1,22.0,R,masters,N,H,N,white,M,3
1161,1,0,1,1,0,1,68.0,D,trade_school,Y,H,N,black,M,6
1162,1,1,1,1,1,1,68.0,D,masters,Y,H,N,white,F,3
1163,1,1,1,0,0,1,28.0,D,some_college,Y,H,N,hispanic,M,1
1164,1,1,1,1,1,0,46.0,DS,trade_school,N,H,Y,asian,M,2
1165,1,1,1,1,1,1,61.0,D,bachelors,N,H,N,white,F,3
1166,1,1,1,1,1,1,50.0,D,some_college,N,H,N,,F,1
1167,1,1,1,1,1,1,49.0,D,some_college,N,H,Y,white,F,1
1168,0,1,1,1,1,1,65.0,D,high_school,N,,N,white,M,4
1169,1,0,0,0,0,0,57.0,D,masters,Y,H,N,,F,3
1170,1,0,0,0,0,0,36.0,AI,,N,,Y,,,1
1171,1,0,1,1,0,0,37.0,D,some_college,N,,Y,,F,1
1172,1,0,1,1,0,0,64.0,DS,high_school,Y,H,N,black,M,3
1173,1,0,1,0,1,0,85.0,R,masters,N,H,N,,M,2
1174,0,1,1,1,1,1,71.0,D,bachelors,Y,H,N,white,M,2
1175,1,0,0,0,0,0,41.0,D,bachelors,N,,N,black,M,2
1176,1,0,1,0,1,1,49.0,D,bachelors,Y,H,N,white,M,2
1177,0,1,1,1,1,1,51.0,D,bachelors,N,,N,white,M,3
1178,0,0,1,0,1,1,58.0,D,bachelors,N,H,N,indian,F,3
1179,1,0,0,0,0,1,27.0,D,some_college,N,,Y,hispanic,M,1
1180,0,1,1,0,1,1,73.0,D,some_college,N,,N,white,M,1
1181,0,1,1,1,1,1,74.0,D,bachelors,N,,Y,black,F,2
1182,0,1,1,1,1,1,81.0,D,bachelors,Y,H,N,black,F,2
1183,0,0,1,0,0,1,81.0,D,some_college,Y,H,Y,black,F,1
1184,1,1,1,1,1,0,83.0,R,HS_drop_out,N,,Y,white,M,1
1185,1,0,0,0,0,1,87.0,R,doctorate,N,H,N,,F,2
1186,0,1,1,1,1,1,51.0,D,bachelors,N,H,Y,white,M,2
1187,0,0,1,0,1,0,29.0,DS,trade_school,N,,Y,white,M,2
1188,1,0,1,0,1,1,65.0,D,bachelors,N,,N,black,F,2
1189,0,1,1,0,0,1,44.0,D,bachelors,N,,Y,white,M,2
1190,1,1,1,1,1,1,66.0,D,trade_school,Y,H,N,black,M,4
1191,1,0,1,0,1,0,45.0,DS,,N,,Y,white,M,1
1192,1,0,0,0,0,0,30.0,DS,trade_school,N,H,Y,black,M,2
1193,0,1,1,1,1,1,70.0,D,some_college,N,H,N,white,F,1
1194,0,1,1,1,1,1,75.0,D,some_college,N,H,Y,,F,1
1195,0,1,1,1,1,0,85.0,D,some_college,N,H,N,white,F,1
1196,1,1,1,1,1,1,76.0,D,bachelors,Y,H,Y,black,F,2
1197,0,0,0,0,0,0,57.0,D,trade_school,N,H,N,white,M,5
1198,0,1,1,0,0,1,57.0,D,some_college,N,,N,white,M,1
1199,0,1,1,1,1,1,77.0,D,some_college,N,H,N,white,F,1
1200,1,1,1,0,0,1,32.0,D,bachelors,N,,Y,white,M,2
1201,1,0,1,1,0,0,63.0,R,doctorate,Y,H,N,white,M,3
1202,1,1,1,1,1,1,55.0,YY,,N,,Y,,M,1
1203,0,1,1,1,1,1,51.0,DS,,N,H,Y,,M,1
1204,0,1,1,1,1,1,77.0,R,HS_drop_out,N,H,Y,,M,1
1205,0,1,1,1,1,1,62.0,D,some_college,N,,Y,black,F,1
1206,1,1,1,1,1,1,50.0,D,some_college,N,H,N,jewish,F,1
1207,0,1,1,1,1,1,46.0,D,bachelors,N,H,N,black,M,2
1208,0,0,0,0,0,1,32.0,D,some_college,N,,N,,M,1
1209,1,1,1,1,1,1,60.0,LI,high_school,N,H,N,,M,1
1210,1,1,1,0,0,1,39.0,D,bachelors,N,,Y,white,M,2
1211,1,0,1,1,0,1,85.0,R,doctorate,N,H,N,,F,2
1212,1,1,1,1,1,1,62.0,D,bachelors,Y,H,N,white,M,2
1213,0,0,0,0,0,1,27.0,D,some_college,N,,Y,,F,1
1214,1,1,1,1,1,1,72.0,R,high_school,Y,H,N,,M,3
1215,0,0,1,0,0,1,61.0,D,trade_school,N,,N,white,M,2
1216,0,1,1,1,1,1,71.0,D,bachelors,N,,Y,,F,2
1217,0,0,1,0,1,1,95.0,D,trade_school,N,H,N,white,F,2
1218,1,1,1,1,1,1,53.0,D,bachelors,N,H,N,white,F,2
1219,0,1,1,1,1,1,55.0,R,doctorate,Y,H,N,hispanic,F,2
1220,0,1,1,1,1,1,33.0,D,trade_school,Y,,Y,white,M,3
1221,0,1,1,1,0,1,28.0,D,some_college,N,,Y,white,M,1
1222,1,0,0,0,0,1,59.0,D,some_college,N,,Y,hispanic,F,1
1223,0,0,1,0,0,1,83.0,R,high_school,N,H,N,,M,2
1224,0,0,0,0,0,0,31.0,R,HS_drop_out,N,,Y,,M,1
1225,0,0,0,0,0,0,41.0,D,trade_school,N,,N,,F,2
1226,0,0,0,0,0,1,19.0,D,bachelors,N,H,N,,F,3
1227,0,1,1,1,1,1,70.0,D,bachelors,Y,H,N,white,F,2
1228,1,0,1,1,0,1,52.0,D,bachelors,N,H,N,jewish,F,2
1229,1,1,1,1,1,1,67.0,D,bachelors,N,,N,black,M,3
1230,0,1,1,1,1,1,66.0,D,bachelors,Y,H,N,,M,2
1231,1,0,1,0,0,1,48.0,DS,high_school,N,H,Y,white,M,3
1232,1,0,0,0,0,0,24.0,DS,trade_school,N,,Y,,F,2
1233,1,0,0,0,0,0,20.0,D,bachelors,N,H,N,black,M,4
1234,1,1,1,1,0,1,87.0,D,some_college,N,H,N,white,F,1
1235,1,0,1,0,0,1,49.0,R,doctorate,Y,H,Y,black,M,2
1236,0,1,1,1,1,1,82.0,R,masters,Y,H,N,,M,3
1237,1,1,1,1,1,1,58.0,R,high_school,N,,N,white,M,3
1238,0,1,1,1,1,1,81.0,D,bachelors,Y,H,N,black,M,2
1239,0,0,0,0,0,1,68.0,D,some_college,N,,Y,white,F,1
1240,0,1,1,1,1,1,51.0,D,bachelors,N,,Y,,M,2
1241,1,1,1,0,0,1,24.0,R,masters,N,,Y,white,M,2
1242,0,0,0,0,0,1,30.0,D,bachelors,N,,Y,white,M,2
1243,0,0,1,0,0,1,35.0,D,trade_school,N,,N,asian,M,3
1244,1,1,1,0,0,1,28.0,D,bachelors,N,,Y,white,M,2
1245,1,1,1,0,0,1,30.0,D,bachelors,N,,Y,black,M,2
1246,1,1,1,1,1,1,84.0,D,bachelors,N,H,N,black,F,2
1247,0,1,1,1,1,1,88.0,D,bachelors,N,H,N,white,M,3
1248,0,1,1,1,1,1,63.0,D,high_school,Y,H,N,,F,6
1249,0,0,1,0,1,1,82.0,AI,,N,H,N,white,M,1
1250,0,1,1,0,0,1,40.0,D,some_college,N,,Y,white,M,1
1251,1,1,1,1,1,1,69.0,D,some_college,N,,N,white,M,1
1252,0,1,1,1,0,1,52.0,D,trade_school,N,,Y,hispanic,,3
1253,0,1,1,0,0,1,52.0,D,bachelors,N,H,Y,,M,2
1254,1,1,1,1,1,1,52.0,DS,trade_school,N,H,N,white,M,2
1255,0,1,1,1,1,1,71.0,D,some_college,N,H,N,black,F,1
1256,1,1,1,1,0,1,61.0,D,some_college,N,H,Y,white,M,1
1257,0,1,1,1,1,1,66.0,D,bachelors,Y,H,N,,F,4
1258,0,1,1,1,1,1,80.0,D,bachelors,N,H,N,hispanic,F,2
1259,0,1,1,1,0,1,87.0,D,some_college,N,H,N,white,M,1
1260,1,1,1,1,0,1,72.0,D,trade_school,N,,N,white,M,3
1261,0,1,1,0,0,1,57.0,D,some_college,N,H,Y,black,M,1
1262,1,1,1,1,1,1,37.0,D,some_college,N,,Y,black,M,1
1263,1,0,0,0,0,0,48.0,D,some_college,N,,N,hispanic,F,1
1264,1,0,1,1,0,1,70.0,R,HS_drop_out,N,H,N,,M,1
1265,0,1,1,1,1,1,74.0,R,masters,N,,Y,indian,F,2
1266,0,0,1,1,0,0,39.0,D,trade_school,N,,Y,hispanic,M,3
1267,0,1,1,1,1,0,59.0,D,masters,N,H,N,hispanic,M,4
1268,0,1,1,1,1,1,52.0,D,some_college,N,,Y,,M,1
1269,0,1,1,1,1,0,67.0,D,some_college,N,,Y,hispanic,F,1
1270,1,1,1,0,0,1,28.0,D,bachelors,N,,N,white,F,3
1271,0,0,1,0,0,0,48.0,D,some_college,N,,Y,white,F,1
1272,1,0,1,0,0,1,49.0,D,bachelors,N,,Y,white,M,2
1273,1,1,1,0,1,1,39.0,D,bachelors,N,,N,white,F,2
1274,0,0,1,0,0,1,41.0,D,some_college,N,,Y,,F,1
1275,1,1,1,1,1,1,74.0,R,HS_drop_out,N,H,N,indian,F,1
1276,0,1,1,1,1,1,74.0,D,bachelors,N,H,N,white,F,2
1277,1,0,1,0,1,1,65.0,D,some_college,N,,Y,,F,1
1278,1,1,1,1,1,0,99.0,R,HS_drop_out,N,H,N,white,M,1
1279,0,1,1,1,1,1,69.0,D,bachelors,Y,H,N,,M,4
1280,1,0,1,1,0,1,35.0,R,HS_drop_out,N,,Y,,F,1
1281,0,0,0,0,0,1,30.0,DS,high_school,N,,Y,,M,4
1282,0,0,0,0,0,1,45.0,D,some_college,N,,N,,F,1
1283,1,1,1,1,0,0,73.0,R,masters,Y,,Y,asian,M,2
1284,0,0,0,0,0,1,67.0,D,trade_school,Y,,Y,white,M,3
1285,0,1,1,1,1,1,65.0,D,some_college,N,H,Y,hispanic,M,1
1286,0,1,1,1,1,1,72.0,D,trade_school,N,,N,white,M,2
1287,0,1,1,1,1,1,82.0,D,bachelors,Y,H,N,black,F,2
1288,0,1,1,1,1,1,79.0,D,bachelors,Y,H,Y,white,F,2
1289,1,1,1,1,1,1,87.0,D,trade_school,N,H,N,black,M,4
1290,1,1,1,0,0,1,34.0,DS,trade_school,N,,Y,,F,3
1291,0,0,1,0,1,1,28.0,DS,,N,,Y,asian,M,1
1292,0,1,1,1,1,1,76.0,D,some_college,N,H,N,white,F,1
1293,1,0,1,0,1,1,37.0,D,some_college,N,,Y,,M,1
1294,0,1,1,1,1,1,66.0,D,some_college,N,,Y,,F,1
1295,1,1,1,1,1,1,62.0,D,bachelors,Y,H,N,white,F,5
1296,0,1,1,1,1,1,62.0,R,doctorate,Y,H,N,,M,4
1297,1,1,1,1,0,1,71.0,D,bachelors,N,,Y,white,M,2
1298,1,1,1,0,0,1,64.0,R,masters,N,,Y,white,F,3
1299,0,1,0,0,0,1,58.0,D,bachelors,N,,Y,white,M,2
1300,1,0,1,0,1,0,47.0,DS,trade_school,N,,N,,F,3
1301,0,1,1,1,1,1,65.0,D,masters,N,H,N,,F,2
1302,1,1,1,1,1,1,35.0,D,bachelors,N,,Y,white,F,2
1303,0,0,0,0,0,1,19.0,D,trade_school,N,,Y,hispanic,F,2
1304,0,1,1,0,1,1,78.0,DS,trade_school,N,,Y,white,F,3
1305,1,0,1,0,1,0,50.0,D,trade_school,N,,Y,white,F,2
1306,1,1,1,1,1,0,41.0,DS,,N,H,N,,F,1
1307,1,0,0,0,0,0,48.0,AI,,N,H,N,,M,1
1308,0,1,1,1,1,1,59.0,DS,trade_school,N,H,N,white,M,2
1309,1,0,0,0,0,0,44.0,D,bachelors,N,H,N,white,M,2
1310,1,1,1,1,0,1,84.0,LI,high_school,N,H,Y,white,M,2
1311,0,1,1,0,0,1,28.0,D,trade_school,N,,Y,,M,2
1312,0,1,1,1,1,1,86.0,D,some_college,N,,Y,white,M,1
1313,0,1,1,1,1,1,30.0,DS,high_school,N,,N,white,F,2
1314,1,0,0,0,0,1,27.0,D,bachelors,N,,Y,white,M,4
1315,1,0,0,0,0,1,28.0,D,bachelors,N,,Y,white,F,2
1316,1,1,1,1,1,0,43.0,R,doctorate,N,,Y,white,M,2
1317,1,1,1,1,0,1,64.0,D,trade_school,Y,H,N,,M,5
1318,1,0,1,0,0,1,46.0,R,masters,N,,N,hispanic,M,2
1319,0,1,1,1,1,1,80.0,D,trade_school,Y,H,Y,,M,4
1320,0,1,1,0,0,0,42.0,GR,high_school,N,,Y,asian,M,3
1321,1,1,1,1,1,1,75.0,D,bachelors,N,,Y,jewish,M,2
1322,0,1,1,1,1,1,40.0,D,bachelors,N,,N,,M,2
1323,0,0,0,0,0,1,64.0,DS,,N,,Y,white,M,1
1324,0,1,1,1,1,1,50.0,D,bachelors,N,,Y,,M,2
1325,0,0,0,0,0,1,52.0,D,bachelors,N,,N,asian,,3
1326,0,0,1,0,1,1,71.0,D,bachelors,N,H,Y,black,F,3
1327,1,0,0,0,0,1,31.0,D,trade_school,N,,Y,white,F,2
1328,1,0,0,0,0,0,34.0,DS,trade_school,N,,Y,white,M,2
1329,0,0,0,0,0,0,28.0,D,trade_school,N,,N,black,M,4
1330,0,1,1,1,1,1,28.0,D,bachelors,N,H,N,hispanic,F,7
1331,1,0,0,0,0,1,28.0,D,bachelors,N,,Y,white,F,2
1332,1,1,1,1,1,1,77.0,R,HS_drop_out,N,,N,,F,1
1333,1,1,1,1,1,1,79.0,R,doctorate,Y,H,N,white,F,2
1334,1,1,1,0,0,1,28.0,D,bachelors,N,,Y,white,F,2
1335,1,0,1,1,0,1,23.0,D,bachelors,N,,Y,black,F,2
1336,0,1,1,0,0,1,21.0,D,trade_school,N,,Y,hispanic,M,2
1337,1,1,1,1,1,1,44.0,D,bachelors,N,H,Y,white,M,2
1338,0,1,1,0,0,1,46.0,D,bachelors,Y,,N,white,M,3
1339,0,1,1,1,1,1,83.0,D,trade_school,N,H,Y,,F,2
1340,0,1,1,1,1,1,45.0,D,trade_school,N,H,N,,M,2
1341,0,1,1,1,0,1,70.0,D,some_college,N,,Y,,M,1
1342,1,1,1,1,1,1,66.0,D,bachelors,N,H,N,white,M,3
1343,0,1,1,0,0,1,53.0,D,some_college,N,H,N,,F,1
1344,0,1,1,1,1,0,86.0,D,some_college,N,H,N,black,F,1
1345,0,1,1,1,0,1,95.0,D,some_college,N,,Y,white,F,1
1346,0,0,0,0,0,1,79.0,D,some_college,Y,,N,,M,1
1347,0,0,0,0,0,0,55.0,D,some_college,N,,N,hispanic,F,1
1348,1,1,1,0,0,1,30.0,D,bachelors,N,,Y,,M,2
1349,1,0,1,0,0,1,62.0,R,high_school,N,,N,black,F,4
1350,1,0,1,0,1,1,38.0,R,high_school,N,H,N,,F,2
1351,1,0,0,0,0,1,33.0,D,some_college,N,,N,black,M,1
1352,1,1,1,1,1,1,71.0,D,some_college,N,H,N,,M,1
1353,1,1,1,1,1,1,50.0,D,bachelors,N,,N,hispanic,M,2
1354,0,0,1,0,0,0,63.0,AI,,N,,Y,white,F,1
1355,0,1,1,1,0,1,55.0,D,bachelors,N,,Y,indian,M,2
1356,0,0,0,0,0,0,26.0,D,trade_school,N,,Y,white,M,3
1357,1,0,1,0,0,1,71.0,R,high_school,N,H,N,white,M,3
1358,1,1,1,1,1,1,80.0,R,doctorate,N,H,N,,F,2
1359,0,0,0,0,0,1,38.0,R,high_school,N,H,N,asian,M,6
1360,0,0,0,0,0,1,20.0,D,some_college,N,,Y,,F,1
1361,0,0,0,0,0,1,23.0,D,bachelors,N,,Y,hispanic,,2
1362,1,1,1,1,1,0,76.0,R,doctorate,N,,Y,black,M,2
1363,0,1,1,1,1,1,84.0,D,some_college,N,H,Y,,F,1
1364,0,1,1,0,1,1,73.0,D,bachelors,Y,H,N,black,F,2
1365,1,1,1,0,0,1,26.0,D,bachelors,N,,Y,white,F,2
1366,1,0,0,0,0,1,38.0,D,bachelors,N,,Y,hispanic,,2
1367,0,1,1,1,1,1,78.0,DS,trade_school,N,,Y,,M,2
1368,1,1,1,1,1,0,29.0,PF,high_school,Y,H,N,white,F,4
1369,0,0,1,0,1,1,49.0,D,trade_school,N,,Y,white,F,3
1370,1,0,1,1,0,1,67.0,R,HS_drop_out,N,,Y,white,M,1
1371,0,0,0,0,0,1,63.0,D,some_college,N,,Y,hispanic,F,1
1372,0,1,1,1,1,1,72.0,D,some_college,N,H,Y,,F,1
1373,0,1,1,1,0,1,45.0,R,masters,Y,H,N,white,F,2
1374,0,1,1,1,1,1,63.0,GR,high_school,Y,H,N,white,M,4
1375,0,0,0,0,0,0,62.0,R,masters,N,,Y,jewish,M,2
1376,0,1,1,1,1,1,57.0,D,bachelors,N,H,N,indian,M,4
1377,0,1,1,1,1,0,49.0,D,some_college,N,,Y,white,M,1
1378,1,0,0,0,0,1,49.0,D,bachelors,N,,Y,,F,2
1379,1,0,1,1,0,1,33.0,D,bachelors,Y,H,N,white,M,4
1380,1,0,0,0,0,1,37.0,D,bachelors,Y,,Y,white,M,3
1381,1,0,1,1,0,1,46.0,R,doctorate,N,,Y,white,F,2
1382,1,0,0,0,0,1,26.0,D,bachelors,N,,N,hispanic,M,2
1383,1,1,1,1,1,1,42.0,R,doctorate,N,,N,asian,F,2
1384,0,0,0,0,0,0,38.0,D,trade_school,N,,Y,hispanic,M,2
1385,1,0,1,0,0,1,45.0,D,bachelors,N,,Y,white,M,2
1386,0,0,0,0,0,1,33.0,D,bachelors,N,,N,white,F,3
1387,0,1,1,1,1,1,55.0,D,masters,Y,H,N,white,F,5
1388,1,0,0,0,0,0,30.0,D,some_college,N,,Y,jewish,M,1
1389,1,1,1,1,0,1,48.0,D,bachelors,N,H,N,white,F,2
1390,0,0,0,0,0,1,30.0,D,bachelors,N,,Y,white,M,2
1391,0,1,1,0,0,1,47.0,R,HS_drop_out,N,H,Y,,M,1
1392,0,1,1,1,1,0,71.0,D,bachelors,N,H,Y,white,F,2
1393,0,0,0,0,0,1,44.0,DS,,N,H,N,,F,1
1394,0,0,0,0,0,1,26.0,D,some_college,N,,N,white,M,1
1395,0,1,1,1,1,1,83.0,D,some_college,Y,H,N,black,F,1
1396,0,1,1,1,1,1,63.0,D,bachelors,N,H,N,white,F,2
1397,0,1,1,1,1,1,76.0,D,bachelors,N,H,N,black,M,2
1398,0,0,0,0,0,0,65.0,D,high_school,N,,N,white,F,4
1399,1,1,1,0,1,1,71.0,D,bachelors,N,,N,indian,F,2
1400,0,1,1,1,1,1,90.0,D,bachelors,N,H,Y,white,F,2
1401,1,1,1,0,0,1,42.0,D,bachelors,N,,Y,white,M,2
1402,0,1,1,1,1,1,74.0,D,masters,N,H,N,white,F,3
1403,1,1,1,1,1,1,90.0,D,some_college,N,H,N,,F,1
1404,1,1,1,1,1,1,48.0,D,bachelors,N,H,N,jewish,F,3
1405,1,1,1,1,1,1,81.0,YY,,N,H,Y,indian,M,1
1406,1,1,1,1,1,1,88.0,R,doctorate,N,H,N,,F,2
1407,0,1,1,1,1,1,78.0,D,some_college,N,,Y,white,F,1
1408,1,0,1,0,0,1,36.0,D,some_college,N,,Y,white,F,1
1409,0,0,0,0,0,1,60.0,DS,trade_school,N,H,N,white,M,4
1410,1,1,1,1,1,1,63.0,D,bachelors,N,,N,hispanic,F,4
1411,0,1,1,1,0,1,66.0,D,some_college,N,,N,asian,F,1
1412,1,0,0,0,0,1,45.0,D,some_college,N,,Y,,M,1
1413,1,0,0,0,0,0,31.0,D,trade_school,N,,Y,white,F,2
1414,1,0,0,0,0,1,21.0,D,some_college,N,,Y,hispanic,F,1
1415,0,1,1,1,1,1,70.0,D,bachelors,Y,H,N,white,M,5
1416,0,1,1,0,0,1,56.0,DS,,N,,Y,hispanic,M,1
1417,1,0,1,1,0,0,61.0,R,HS_drop_out,Y,,N,hispanic,F,1
1418,0,0,1,0,0,1,44.0,D,some_college,N,,N,white,F,1
1419,1,0,1,0,0,1,43.0,D,masters,N,,N,white,M,3
1420,1,1,1,1,1,1,83.0,R,doctorate,Y,H,N,white,M,2
1421,0,0,0,0,0,1,32.0,D,trade_school,N,,Y,white,M,3
1422,1,0,1,0,1,1,36.0,D,bachelors,N,H,N,white,F,2
1423,1,1,1,1,1,1,48.0,D,bachelors,N,H,N,hispanic,F,2
1424,1,0,1,1,0,1,73.0,D,some_college,N,H,N,hispanic,F,1
1425,1,1,1,1,1,1,33.0,DS,trade_school,N,,Y,white,M,2
1426,0,1,1,1,1,1,84.0,D,some_college,N,,Y,,M,1
1427,0,1,1,0,0,1,39.0,D,bachelors,N,,Y,white,F,2
1428,0,1,1,1,1,1,24.0,D,bachelors,N,,N,white,M,3
1429,0,1,1,1,1,1,76.0,D,trade_school,Y,H,N,white,F,2
1430,1,0,1,1,0,1,62.0,R,doctorate,Y,H,N,white,F,4
1431,1,1,1,1,1,1,66.0,D,some_college,N,,N,white,F,1
1432,0,0,1,0,1,1,33.0,D,high_school,N,,Y,,M,4
1433,0,1,1,1,1,1,65.0,D,bachelors,Y,H,N,black,F,4
1434,0,0,1,1,0,1,48.0,D,trade_school,N,,N,white,F,2
1435,1,1,1,0,0,1,35.0,D,trade_school,N,H,Y,white,M,3
1436,1,1,1,1,1,1,55.0,R,masters,Y,H,N,white,M,3
1437,0,0,0,0,0,0,63.0,D,trade_school,Y,,N,white,F,2
1438,1,1,1,1,1,1,38.0,DS,high_school,N,,N,white,M,2
1439,0,1,1,1,1,1,73.0,D,bachelors,Y,H,Y,,F,2
1440,1,1,1,1,1,1,86.0,R,masters,N,,N,white,F,3
1441,1,1,1,1,1,1,64.0,D,bachelors,Y,H,N,black,M,3
1442,0,1,1,1,1,1,70.0,D,some_college,N,,Y,white,F,1
1443,1,1,1,1,1,0,77.0,D,masters,N,H,N,,F,2
1444,1,0,1,0,0,1,80.0,R,doctorate,N,H,N,asian,M,2
1445,0,1,1,1,1,1,51.0,D,masters,Y,H,N,white,M,4
1446,1,1,1,1,1,1,60.0,D,trade_school,Y,,N,black,F,2
1447,1,0,0,0,0,1,27.0,R,masters,N,,N,hispanic,M,3
1448,1,0,1,1,0,1,49.0,DS,,N,,Y,white,F,1
1449,0,1,1,1,1,1,60.0,D,some_college,N,H,N,black,M,1
1450,1,1,1,1,1,1,59.0,D,bachelors,Y,H,N,white,M,2
1451,1,1,1,1,1,1,71.0,R,doctorate,Y,H,Y,white,M,2
1452,0,1,1,0,1,1,80.0,D,some_college,N,,N,white,F,1
1453,1,1,1,1,1,0,68.0,D,trade_school,Y,H,N,asian,F,3
1454,0,1,1,0,0,1,50.0,DS,high_school,N,,N,white,M,2
1455,0,1,1,1,1,0,59.0,R,masters,N,H,N,black,M,3
1456,1,0,1,0,0,1,57.0,D,trade_school,Y,H,N,,F,2
1457,0,1,1,1,1,1,42.0,AI,high_school,N,H,Y,jewish,M,2
1458,1,0,0,0,0,0,65.0,D,some_college,N,,Y,,M,1
1459,0,1,1,1,1,0,78.0,D,bachelors,N,H,N,white,F,3
1460,0,0,0,0,0,1,44.0,D,some_college,N,,Y,,F,1
1461,0,1,1,1,1,1,65.0,D,trade_school,Y,,N,,F,2
1462,1,0,0,0,0,1,72.0,D,bachelors,N,,Y,hispanic,F,2
1463,1,1,1,1,1,1,57.0,DS,,N,H,Y,black,M,1
1464,1,1,1,1,1,1,61.0,LI,high_school,N,,Y,indian,F,1
1465,1,1,1,1,1,1,62.0,D,bachelors,Y,H,N,black,M,4
1466,1,1,1,1,1,1,34.0,D,some_college,Y,H,Y,asian,M,1
1467,0,1,1,1,1,1,79.0,D,trade_school,Y,H,N,white,F,2
1468,1,1,1,1,1,1,77.0,D,bachelors,N,,N,asian,F,2
1469,0,1,1,0,0,1,63.0,R,HS_drop_out,N,H,Y,indian,M,1
1470,1,1,1,0,1,1,67.0,D,some_college,N,H,N,black,M,1
1471,0,0,1,1,0,1,47.0,D,bachelors,N,,Y,hispanic,F,2
1472,1,0,0,0,0,1,61.0,D,some_college,N,,Y,white,M,1
1473,0,0,1,0,1,0,70.0,D,some_college,N,,Y,white,F,1
1474,1,1,1,1,1,1,77.0,D,bachelors,N,H,N,black,M,2
1475,1,1,1,1,1,1,61.0,DS,high_school,N,H,N,white,M,4
1476,1,1,1,1,1,1,76.0,DS,high_school,N,H,N,white,F,2
1477,1,1,1,1,1,0,83.0,R,HS_drop_out,Y,H,N,,F,1
1478,1,0,1,0,0,1,34.0,D,trade_school,N,,N,white,M,2
1479,1,1,1,1,1,1,48.0,D,bachelors,N,H,N,,F,3
1480,0,0,1,0,0,1,71.0,D,bachelors,N,H,N,white,F,2
1481,1,0,1,0,1,1,39.0,D,some_college,N,,Y,,F,1
1482,0,1,1,1,0,1,66.0,D,some_college,N,H,Y,,M,1
1483,1,0,1,1,0,1,57.0,DS,high_school,N,,N,white,F,2
1484,0,1,1,0,0,1,58.0,D,some_college,N,,N,white,M,1
1485,1,1,1,1,0,1,53.0,R,HS_drop_out,N,,N,jewish,M,1
1486,0,1,1,1,1,1,55.0,D,masters,N,,Y,hispanic,M,2
1487,1,1,1,1,1,1,56.0,D,bachelors,N,H,N,,F,2
1488,1,1,1,1,1,1,35.0,D,bachelors,N,H,N,,M,2
1489,1,0,0,0,0,1,55.0,D,bachelors,N,H,N,white,F,3
1490,0,1,1,1,1,1,89.0,R,masters,N,H,N,,F,3
1491,1,1,1,1,1,1,67.0,D,some_college,N,,Y,,F,1
1492,1,0,0,0,0,1,38.0,D,trade_school,Y,H,N,white,M,3
1493,1,0,0,0,0,1,65.0,D,bachelors,N,H,N,white,F,2
1494,1,0,1,0,1,0,40.0,D,bachelors,N,H,N,white,M,2
1495,0,1,1,1,1,1,84.0,D,bachelors,Y,H,N,black,F,2
1496,0,0,0,0,0,0,23.0,AI,high_school,N,,Y,hispanic,M,2
1497,1,0,1,0,1,1,42.0,D,masters,N,H,N,asian,M,2
1498,1,0,1,1,0,1,55.0,D,trade_school,Y,H,N,white,F,4
1499,0,0,1,0,1,0,31.0,D,bachelors,N,,Y,white,F,2
1500,1,1,1,1,1,1,82.0,DS,high_school,Y,H,N,white,M,2
1501,0,1,1,0,0,1,43.0,D,masters,N,H,N,,F,2
1502,0,0,0,0,0,0,31.0,D,some_college,N,,Y,white,M,1
1503,0,1,1,1,1,0,63.0,R,doctorate,Y,,Y,asian,M,2
1504,0,0,0,0,0,0,38.0,D,trade_school,N,,N,black,F,2
1505,0,1,1,1,1,1,54.0,D,masters,N,,Y,white,M,2
1506,0,0,0,0,0,1,36.0,D,bachelors,N,,Y,white,F,2
1507,1,1,1,1,1,1,76.0,D,some_college,N,H,N,white,M,1
1508,1,0,0,0,0,1,19.0,D,some_college,N,,Y,asian,,1
1509,0,1,1,1,1,1,75.0,R,doctorate,N,,Y,black,M,2
1510,1,0,1,1,0,1,61.0,D,masters,N,H,N,black,M,2
1511,1,1,1,0,0,1,53.0,D,bachelors,N,H,N,white,M,3
1512,1,1,1,1,1,1,82.0,R,HS_drop_out,N,H,N,white,F,1
1513,0,0,0,1,1,0,86.0,D,some_college,N,H,N,jewish,F,1
1514,1,0,0,0,0,1,30.0,DS,trade_school,N,,N,,M,2
1515,0,0,0,0,0,1,26.0,D,bachelors,N,,Y,hispanic,M,2
1516,1,1,1,1,1,1,63.0,D,bachelors,N,H,N,,F,2
1517,0,0,0,0,0,1,24.0,D,bachelors,N,,Y,,F,2
1518,0,1,1,1,1,1,82.0,D,some_college,N,,N,white,F,1
1519,0,0,0,0,0,1,31.0,DS,,N,,N,jewish,M,1
1520,1,1,1,1,1,1,71.0,D,bachelors,N,H,N,black,M,4
1521,1,0,1,1,0,0,83.0,R,doctorate,Y,H,N,,M,2
1522,1,1,1,1,0,1,86.0,R,high_school,N,H,N,hispanic,F,5
1523,1,0,1,1,0,0,66.0,DS,high_school,N,,N,hispanic,F,2
1524,0,0,1,0,1,1,31.0,DS,trade_school,N,H,N,hispanic,M,3
1525,0,1,1,1,1,1,57.0,D,bachelors,N,,Y,white,M,2
1526,0,0,1,1,0,1,74.0,D,some_college,N,H,N,,F,1
1527,0,1,1,1,0,0,64.0,D,trade_school,N,H,N,white,M,3
1528,1,0,0,0,0,1,23.0,D,bachelors,N,,Y,,M,2
1529,0,1,1,1,1,1,90.0,D,some_college,N,H,N,white,F,1
1530,0,1,1,1,1,1,61.0,D,trade_school,N,H,N,,M,4
1531,1,0,1,1,0,0,65.0,D,bachelors,N,,Y,asian,F,3
1532,1,0,0,0,0,1,23.0,D,bachelors,N,H,N,black,F,3
1533,1,1,1,1,1,1,50.0,R,masters,Y,H,N,,M,2
1534,1,1,1,0,0,1,35.0,D,some_college,N,H,N,white,M,1
1535,0,0,0,0,0,1,46.0,D,trade_school,Y,,Y,white,F,2
1536,0,0,1,0,1,1,54.0,D,bachelors,Y,,Y,white,M,2
1537,1,0,0,0,0,0,85.0,D,high_school,N,H,N,asian,M,6
1538,1,1,1,1,1,1,61.0,D,bachelors,N,H,N,black,F,3
1539,1,0,1,0,0,1,35.0,DS,trade_school,Y,,N,hispanic,F,3
1540,0,1,1,1,1,1,67.0,D,bachelors,Y,H,N,black,F,3
1541,0,0,1,1,0,0,82.0,R,HS_drop_out,N,H,N,white,F,1
1542,0,1,1,1,1,1,73.0,D,bachelors,N,H,N,,M,2
1543,1,1,1,1,1,1,61.0,DS,trade_school,Y,H,N,white,F,2
1544,1,1,1,1,1,0,31.0,D,trade_school,N,,Y,white,F,3
1545,0,0,0,0,0,1,31.0,D,bachelors,N,,Y,indian,F,2
1546,1,1,1,1,1,1,52.0,DS,trade_school,N,,Y,,M,2
1547,0,1,1,1,1,1,70.0,D,some_college,N,,Y,,F,1
1548,1,0,0,0,0,1,25.0,D,trade_school,N,,N,black,F,2
1549,0,0,1,0,0,1,37.0,DS,high_school,N,H,N,white,M,2
1550,1,0,0,0,0,1,29.0,D,masters,N,,Y,white,F,3
1551,1,1,1,0,0,1,25.0,DS,trade_school,N,,Y,,F,2
1552,1,0,0,0,0,1,42.0,D,some_college,N,H,N,asian,M,1
1553,1,0,1,1,0,1,30.0,DS,,N,,Y,white,F,1
1554,0,1,1,0,0,1,60.0,D,bachelors,N,,N,white,M,2
1555,0,1,1,0,0,1,58.0,D,bachelors,N,H,N,white,M,5
1556,0,1,1,1,1,1,72.0,D,bachelors,N,H,N,black,M,2
1557,0,0,0,0,0,1,68.0,D,bachelors,N,,N,white,F,3
1558,1,0,1,0,0,1,27.0,DS,trade_school,N,H,N,hispanic,F,4
1559,0,1,1,1,1,1,77.0,D,bachelors,N,,N,white,F,2
1560,1,0,0,0,0,1,36.0,D,trade_school,N,,Y,asian,F,3
1561,0,1,1,1,1,1,37.0,D,trade_school,N,H,Y,asian,F,2
1562,1,1,1,1,1,1,59.0,D,trade_school,N,H,N,white,F,2
1563,0,1,1,0,0,1,70.0,DS,,N,,N,,M,1
1564,1,0,0,0,0,1,51.0,D,bachelors,N,,N,,M,4
1565,1,0,0,0,0,1,40.0,D,some_college,N,,N,white,F,1
1566,0,1,1,0,0,1,57.0,DS,,N,H,Y,,M,1
1567,1,1,1,0,0,1,29.0,D,bachelors,N,,Y,white,F,2
1568,0,0,1,0,1,0,72.0,R,HS_drop_out,N,,Y,white,F,1
1569,1,1,1,1,1,1,81.0,AI,high_school,N,H,N,white,F,3
1570,0,0,1,1,0,0,92.0,R,HS_drop_out,Y,H,N,black,M,1
1571,0,0,0,0,0,1,52.0,AI,high_school,N,H,N,hispanic,F,2
1572,0,1,1,0,1,1,62.0,D,bachelors,N,H,N,white,F,6
1573,1,1,1,1,1,1,40.0,DS,,N,H,Y,white,F,1
1574,1,1,1,1,1,1,78.0,D,some_college,Y,H,N,white,F,1
1575,1,1,1,1,1,1,72.0,D,bachelors,Y,H,N,white,F,2
1576,0,1,1,1,1,1,86.0,D,some_college,N,H,N,,F,1
